,optimal time,optimal cost,repair align time,repair align cost,grade
0,3.38404655456543,8880,3.035526275634766,8880,1.0
1,3.523674011230469,6760,2.88599967956543,6760,1.0
2,2.557754516601562,12920,1.583080291748047,12920,1.0
3,3.399724960327148,3240,2.439193725585938,3240,1.0
4,3.456525802612305,3240,2.349357604980469,3240,1.0
5,1.409759521484375,20720,2.039594650268555,20720,1.0
6,4.280757904052734,7840,5.551557540893555,7840,1.0
7,3.177690505981445,9240,2.14508056640625,9240,1.0
8,3.217077255249023,9240,2.096118927001953,9240,1.0
9,2.820606231689453,12960,1.743192672729492,12960,1.0
10,7.446203231811523,7840,11.24660491943359,7840,1.0
11,3.396520614624023,12960,1.810121536254883,13120,0.9915966386554622
12,3.476438522338867,3240,3.502473831176758,3240,1.0
13,4.766244888305664,6760,3.023157119750977,6760,1.0
14,3.234481811523438,3480,2.286396026611328,3480,1.0
15,5.871315002441406,5360,2.691764831542969,5360,1.0
16,9.187326431274414,8920,3.058805465698242,8920,1.0
17,4.151077270507812,7320,1.033840179443359,7400,0.9974747474747475
18,3.730802536010742,8480,1.497201919555664,8720,0.9921363040629095
19,5.053472518920898,5640,1.324443817138672,5640,1.0
20,3.434476852416992,8720,2.502002716064453,8720,1.0
21,3.625755310058594,8920,1.620607376098633,8920,1.0
22,5.165243148803711,13200,1.935214996337891,13200,1.0
23,2.944393157958984,11800,4.693679809570312,11800,1.0
24,3.702888488769531,5640,1.257953643798828,5640,1.0
25,4.911842346191406,7320,1.594076156616211,7400,0.9974747474747475
26,2.999601364135742,13520,1.404323577880859,13520,1.0
27,4.406633377075195,6840,6.554956436157227,6840,1.0
28,3.897409439086914,8760,1.45359992980957,8920,0.9947089947089947
29,8.163566589355469,20080,6.15203857421875,20080,1.0
30,43.38560104370117,12720,47.69328117370605,12720,1.0
31,21.48739814758301,15000,24.84647750854492,15000,1.0
32,40.91811180114746,11680,1.590442657470703,13960,0.9385775862068966
33,41.09103202819824,11160,1.84636116027832,11160,1.0
34,51.92307472229004,26280,53.95351409912109,26280,1.0
35,78.30016136169434,9640,81.05231285095215,9640,1.0
36,43.77739906311035,12720,45.21456718444824,12720,1.0
37,35.09919166564941,12680,1.806039810180664,13560,0.9756367663344407
38,48.99127006530762,26280,51.74160003662109,26280,1.0
39,52.18692779541016,7120,53.6939525604248,7120,1.0
40,48.38030815124512,13000,50.14525413513184,13000,1.0
41,18.33671569824219,15000,18.31267356872559,15000,1.0
42,10.96536636352539,31320,10.97902297973633,31320,1.0
43,214.0504741668701,35760,175.9206390380859,35760,1.0
44,25.69875717163086,29640,28.15700531005859,29640,1.0
45,469.4083595275879,24520,75.81755638122559,24520,1.0
46,370.932035446167,48120,381.6834831237793,48120,1.0
47,562.9127597808838,22040,84.03430938720703,22040,1.0
48,464.9637222290039,22040,74.98583793640137,22040,1.0
49,426.5894794464111,47760,411.5477180480957,47760,1.0
50,753.5515975952148,51560,179.8415946960449,51920,0.9974329720479178
51,18.17187309265137,164320,19.0240478515625,164320,1.0
52,512.8420734405518,22040,81.42755508422852,22040,1.0
53,467.7762794494629,22040,75.73707580566406,22040,1.0
54,560.1934814453125,32080,550.5646800994873,32080,1.0
55,555.752477645874,32080,575.9676456451416,32080,1.0
56,475.5481147766113,24520,78.77836227416992,24520,1.0
57,525.7706356048584,22040,514.5435237884521,22040,1.0
58,248.8304424285889,53720,51.06200218200684,53720,1.0
59,264.9614429473877,53720,51.53223037719727,53720,1.0
60,290.4328441619873,43360,291.0975551605225,43360,1.0
61,175.0553226470947,44960,4.731988906860352,45240,0.9978858350951374
62,26.39060020446777,110480,28.85860443115234,110480,1.0
63,79.65611457824707,64040,82.67251968383789,64040,1.0
64,274.6550846099854,43360,284.450626373291,43360,1.0
65,187.2322368621826,41000,5.955362319946289,42080,0.9918429003021147
66,129.6438503265381,52720,133.639612197876,52720,1.0
67,215.1234436035156,37120,219.408597946167,37120,1.0
68,220.9153079986572,37120,220.0854015350342,37120,1.0
69,313.7138748168945,40000,7.752084732055664,40000,1.0
70,280.5694007873535,43360,288.3788394927979,43360,1.0
71,109.8250675201416,50760,109.0439701080322,50760,1.0
72,223.3509540557861,37120,223.8273239135742,37120,1.0
73,218.2752513885498,37120,225.7410430908203,37120,1.0
74,213.5639572143555,37120,224.2147636413574,37120,1.0
75,7.840843200683594,13400,1.465520858764648,13400,1.0
76,7.732601165771484,13400,1.488637924194336,13400,1.0
77,9.866409301757812,11680,5.61772346496582,11680,1.0
78,5.061931610107422,14200,5.260162353515625,14200,1.0
79,6.868114471435547,10360,3.928194046020508,10360,1.0
80,4.346723556518555,19840,3.063926696777344,19840,1.0
81,9.142837524414062,10680,5.684289932250977,10680,1.0
82,7.328567504882812,23680,4.405364990234375,23680,1.0
83,7.097358703613281,14640,8.335800170898438,14640,1.0
84,4.380836486816406,19840,3.143520355224609,19840,1.0
85,7.339305877685547,17200,8.398761749267578,17200,1.0
86,5.650167465209961,23320,4.12083625793457,23320,1.0
87,13.09429168701172,9280,16.10604286193848,9280,1.0
88,6.9146728515625,18440,7.632007598876953,18440,1.0
89,7.678794860839844,9400,1.448478698730469,9400,1.0
90,5.950803756713867,5280,1.386680603027344,5720,0.9897483690587139
91,7.072839736938477,11640,4.281187057495117,11640,1.0
92,5.75383186340332,10880,3.738279342651367,10880,1.0
93,6.834754943847656,6840,4.360637664794922,6840,1.0
94,7.146511077880859,16160,4.10588264465332,16160,1.0
95,11.22292518615723,11080,6.41291618347168,11080,1.0
96,7.404890060424805,8400,5.026445388793945,8400,1.0
97,5.765151977539062,5280,4.114398956298828,5280,1.0
98,5.530672073364258,11600,3.704509735107422,11600,1.0
99,5.860605239868164,5280,5.852642059326172,5280,1.0
100,6.638479232788086,16400,7.623348236083984,16400,1.0
101,5.689754486083984,10880,3.734006881713867,10880,1.0
102,7.304353713989258,8400,4.877729415893555,8400,1.0
103,6.040554046630859,5280,4.104042053222656,5280,1.0
104,5.93052864074707,5280,4.147157669067383,5280,1.0
105,17.11567878723145,15320,3.010759353637695,15320,1.0
106,14.68852043151855,12600,2.909631729125977,12600,1.0
107,14.51316833496094,24360,17.7888011932373,24360,1.0
108,16.04885101318359,8800,2.109251022338867,9240,0.9943589743589744
109,33.8038444519043,11520,2.445640563964844,11920,0.9943883277216611
110,19.37896728515625,9760,3.945512771606445,9760,1.0
111,15.90824127197266,12600,1.360006332397461,12600,1.0
112,15.98875045776367,12600,1.382513046264648,12600,1.0
113,9.271526336669922,27000,11.56831741333008,27000,1.0
114,21.78299903869629,11400,2.11552619934082,11560,0.9978779840848806
115,17.57332801818848,8480,22.80144691467285,8480,1.0
116,32.85300254821777,11520,2.421789169311523,11920,0.9943883277216611
117,13.61295700073242,13520,2.645235061645508,13520,1.0
118,17.35621452331543,15320,3.021450042724609,15320,1.0
119,17.72704124450684,15320,3.035192489624023,15320,1.0
120,6.667079925537109,7760,1.96476936340332,7760,1.0
121,5.641717910766602,8040,2.648038864135742,8040,1.0
122,4.93931770324707,6600,2.136163711547852,6680,0.9978021978021978
123,4.387359619140625,14080,1.89244270324707,14480,0.9839486356340289
124,4.206113815307617,12680,1.620798110961914,12680,1.0
125,4.31208610534668,14080,1.836233139038086,14480,0.9839486356340289
126,4.321918487548828,9320,1.633071899414062,9320,1.0
127,2.632312774658203,10640,1.307764053344727,11200,0.9826946847960445
128,3.835954666137695,9320,1.597204208374023,9320,1.0
129,4.769325256347656,5960,2.262201309204102,5960,1.0
130,2.180442810058594,22680,2.953996658325195,22680,1.0
131,2.076282501220703,17560,2.917757034301758,17560,1.0
132,6.462192535400391,10160,4.146242141723633,10160,1.0
133,2.490329742431641,20920,3.39900016784668,20920,1.0
134,6.333045959472656,9560,7.52751350402832,9560,1.0
135,5.475683212280273,17600,6.806831359863281,17600,1.0
136,5.46391487121582,16000,6.899318695068359,16000,1.0
137,4.933834075927734,12080,1.708211898803711,12080,1.0
138,6.418237686157227,13360,2.306842803955078,13360,1.0
139,6.59571647644043,13000,8.146486282348633,13000,1.0
140,6.694507598876953,13000,8.610963821411133,13000,1.0
141,3.787202835083008,18440,5.118198394775391,18440,1.0
142,6.374149322509766,15440,6.349639892578125,15440,1.0
143,5.823078155517578,13840,1.66839599609375,13840,1.0
144,10.84939002990723,21840,4.576168060302734,21840,1.0
145,6.724405288696289,13840,2.421474456787109,13840,1.0
146,5.617122650146484,16000,7.094326019287109,16000,1.0
147,12.30771064758301,8720,15.90936660766602,8720,1.0
148,5.234909057617188,9560,1.937713623046875,9560,1.0
149,5.816049575805664,13840,1.765356063842773,13840,1.0
150,2.636394500732422,2880,1.364450454711914,2880,1.0
151,1.901721954345703,2760,1.215648651123047,2840,0.9962335216572504
152,2.952957153320312,4160,1.115436553955078,4240,0.9959677419354839
153,1.999082565307617,2880,0.7612419128417969,2880,1.0
154,2.017440795898438,2760,1.168718338012695,2840,0.9962335216572504
155,1.926565170288086,2760,1.176395416259766,2840,0.9962335216572504
156,1.768522262573242,4560,0.9675121307373047,4560,1.0
157,1.86863899230957,5960,0.7687950134277344,6280,0.9822616407982262
158,1.863002777099609,2880,0.7717990875244141,2880,1.0
159,2.040719985961914,2880,0.7670116424560547,2880,1.0
160,1.881675720214844,2880,0.8163642883300781,2880,1.0
161,1.904516220092773,5400,0.8181476593017578,5400,1.0
162,0.8664321899414062,8200,1.227807998657227,8280,0.9949367088607595
163,3.615236282348633,4160,1.357002258300781,4240,0.9959677419354839
164,1.952199935913086,2880,0.7587242126464844,2880,1.0
165,7.129125595092773,5920,1.573114395141602,5920,1.0
166,5.926275253295898,5520,1.420631408691406,5600,0.997610513739546
167,5.980768203735352,4320,1.569128036499023,4320,1.0
168,5.120649337768555,11840,6.077413558959961,11840,1.0
169,5.979843139648438,5800,1.375160217285156,6000,0.9939759036144579
170,4.438724517822266,8600,5.620641708374023,8600,1.0
171,4.843788146972656,7520,1.425437927246094,7680,0.9949174078780177
172,4.832191467285156,5760,1.10112190246582,8520,0.9169675090252708
173,8.750324249267578,16000,9.867439270019531,16000,1.0
174,4.934682846069336,11400,6.139240264892578,11400,1.0
175,2.440118789672852,19880,3.353443145751953,19880,1.0
176,5.139198303222656,11840,6.105003356933594,11840,1.0
177,5.312480926513672,3440,6.58299446105957,3440,1.0
178,5.100164413452148,3440,6.558361053466797,3440,1.0
179,5.003366470336914,3440,6.420879364013672,3440,1.0
180,86.96800231933594,14640,74.34084892272949,14640,1.0
181,29.48331832885742,18120,24.13091659545898,18120,1.0
182,62.53312110900879,12160,47.13915824890137,12160,1.0
183,61.59687995910645,12160,48.82599830627441,12160,1.0
184,35.74512481689453,17560,24.15762901306152,17560,1.0
185,45.00520706176758,7560,3.137798309326172,7560,1.0
186,74.62345123291016,11720,7.386999130249023,11720,1.0
187,44.45171356201172,7560,3.074684143066406,7560,1.0
188,18.35399627685547,18520,18.88180732727051,18520,1.0
189,91.28300666809082,20040,97.0899486541748,20040,1.0
190,17.71388053894043,18520,17.14643478393555,18520,1.0
191,18.54607582092285,18520,16.31932258605957,18520,1.0
192,60.34357070922852,12160,50.19819259643555,12160,1.0
193,35.53842544555664,17480,27.35663414001465,17480,1.0
194,39.82611656188965,17040,31.78292274475098,17040,1.0
195,56.32451057434082,14800,54.92012023925781,14800,1.0
196,79.74821090698242,14400,3.09016227722168,14400,1.0
197,81.39884948730469,14400,3.105125427246094,14400,1.0
198,15.92779159545898,26840,15.90152740478516,26840,1.0
199,307.9354095458984,16560,4.112634658813477,21440,0.8911685994647636
200,13.91718864440918,29480,13.25351715087891,29480,1.0
201,107.9028797149658,7520,3.228206634521484,7520,1.0
202,13.75184059143066,29480,13.30016136169434,29480,1.0
203,228.3901119232178,9440,217.6125240325928,9440,1.0
204,90.32032012939453,19160,2.110795974731445,22680,0.9166666666666666
205,1.321039199829102,52440,1.962404251098633,52440,1.0
206,179.7476482391357,12720,319.6529483795166,12720,1.0
207,131.8050384521484,8400,123.6627960205078,8400,1.0
208,50.07299423217773,14000,44.79907989501953,14240,0.9944700460829493
209,15.7766056060791,26840,15.54435729980469,26840,1.0
210,34.69572067260742,10920,16.79904937744141,10920,1.0
211,28.56616020202637,15240,14.7724437713623,15240,1.0
212,20.81048965454102,19560,11.8757152557373,19560,1.0
213,49.2707633972168,19840,2.622480392456055,19840,1.0
214,10.26971817016602,25840,6.053562164306641,25840,1.0
215,30.13976097106934,16600,1.995315551757812,16600,1.0
216,13.67724418640137,13960,8.068199157714844,13960,1.0
217,13.6479663848877,21000,15.58269500732422,21000,1.0
218,14.47324752807617,34120,8.510198593139648,34120,1.0
219,13.86752128601074,21000,15.57384490966797,21000,1.0
220,59.85456466674805,19040,2.821235656738281,19040,1.0
221,51.08400344848633,19840,2.608156204223633,19840,1.0
222,14.23876762390137,32720,10.84851264953613,32720,1.0
223,10.4259204864502,25840,7.409563064575195,25840,1.0
224,45.69804191589355,14360,24.13179397583008,14360,1.0
225,38.15123558044434,9280,17.4875545501709,9280,1.0
226,39.43136215209961,9280,17.32596397399902,9280,1.0
227,35.64428329467773,12120,2.506752014160156,12120,1.0
228,40.05928039550781,9280,16.90799713134766,9280,1.0
229,26.82814598083496,24760,23.19412231445312,24760,1.0
230,22.1205997467041,17400,21.89334869384766,17400,1.0
231,27.26675033569336,17400,62.41663932800293,17400,1.0
232,55.52016258239746,12200,60.74814796447754,12200,1.0
233,16.54821395874023,21840,19.15348052978516,21840,1.0
234,25.37168502807617,26360,12.9482364654541,26360,1.0
235,17.85824775695801,21840,17.44864463806152,21840,1.0
236,53.709716796875,12200,52.11963653564453,12200,1.0
237,2.343082427978516,70120,3.754596710205078,70120,1.0
238,23.70120048522949,26360,13.43144416809082,26360,1.0
239,102.4770450592041,26400,45.7584285736084,26400,1.0
240,7.495880126953125,11720,2.530479431152344,11720,1.0
241,6.051797866821289,13560,2.105922698974609,13560,1.0
242,10.47719955444336,25920,5.106201171875,25920,1.0
243,10.93955993652344,19760,4.45979118347168,19760,1.0
244,5.708522796630859,11720,1.071758270263672,12840,0.978328173374613
245,11.04923248291016,14040,14.15968894958496,14040,1.0
246,12.17279434204102,8120,16.16596221923828,8120,1.0
247,8.72675895690918,14040,10.91144561767578,14040,1.0
248,5.998563766479492,14120,2.100229263305664,14120,1.0
249,6.186800003051758,13560,2.017679214477539,13560,1.0
250,8.520727157592773,14040,12.24976539611816,14040,1.0
251,3.873786926269531,17600,5.342750549316406,17600,1.0
252,6.772279739379883,20760,2.796802520751953,20760,1.0
253,5.582599639892578,16920,1.902475357055664,16920,1.0
254,6.605768203735352,12160,1.610803604125977,12320,0.9968774395003903
255,11.60579681396484,12920,0.9768295288085938,12920,1.0
256,20.7857608795166,8400,1.513252258300781,8400,1.0
257,15.96447944641113,9840,2.391595840454102,9840,1.0
258,13.1962776184082,10400,1.37939453125,10400,1.0
259,11.76380157470703,12680,1.08210563659668,12680,1.0
260,14.53716278076172,12440,1.220722198486328,12520,0.9984662576687117
261,30.05736351013184,22240,8.734207153320312,22240,1.0
262,20.3905200958252,8400,6.397924423217773,8400,1.0
263,12.71088600158691,10400,1.286592483520508,10400,1.0
264,19.24580574035645,13440,5.592155456542969,13440,1.0
265,19.92899894714355,14040,6.128196716308594,14040,1.0
266,34.31767463684082,9320,35.65564155578613,9320,1.0
267,3.113842010498047,35280,4.247722625732422,35280,1.0
268,19.46463584899902,8400,6.02259635925293,8400,1.0
269,29.73764419555664,22240,8.401126861572266,22240,1.0
270,20.94199180603027,23640,4.886560440063477,23640,1.0
271,12.47096061706543,24200,2.175836563110352,25400,0.9788732394366197
272,19.14868354797363,20240,4.449529647827148,20800,0.9907834101382489
273,19.56459045410156,20240,2.772035598754883,20800,0.9907834101382489
274,29.3658447265625,22160,1.928958892822266,22760,0.9898028552005439
275,16.19516372680664,24040,3.423519134521484,24280,0.9957865168539326
276,10.89072227478027,27480,6.045122146606445,32120,0.9133034379671151
277,10.97751617431641,29560,5.4150390625,30040,0.9898819561551433
278,16.09715461730957,24040,3.292350769042969,24280,0.9957865168539326
279,16.67880058288574,26080,2.319841384887695,27160,0.9816700610997964
280,15.6895923614502,26120,3.557872772216797,26240,0.9978134110787172
281,16.8224048614502,30080,3.196315765380859,30080,1.0
282,25.40300369262695,19400,3.817043304443359,19960,0.990909090909091
283,8.392524719238281,26600,4.650430679321289,32320,0.8865079365079365
284,27.7082347869873,28240,29.97944831848145,28240,1.0
285,10.27912139892578,10000,1.982717514038086,10000,1.0
286,11.21515274047852,5600,2.517995834350586,5600,1.0
287,7.985687255859375,14040,1.412601470947266,14040,1.0
288,10.04528045654297,10000,1.963443756103516,10000,1.0
289,10.19887924194336,10240,1.212711334228516,10240,1.0
290,9.23396110534668,5600,2.514209747314453,5600,1.0
291,10.0947093963623,10000,1.94183349609375,10000,1.0
292,8.219728469848633,7640,1.661567687988281,7640,1.0
293,9.558277130126953,5600,2.509603500366211,5600,1.0
294,9.415006637573242,10520,1.860761642456055,10520,1.0
295,10.66628456115723,6120,2.749118804931641,6120,1.0
296,10.16276359558105,6120,2.801733016967773,6120,1.0
297,10.21827697753906,6120,3.073844909667969,6120,1.0
298,9.68515396118164,6040,14.29680824279785,6040,1.0
299,3.183355331420898,33160,4.374876022338867,33160,1.0
300,14.86812591552734,13960,1.914281845092773,14520,0.9889415481832543
301,15.24323463439941,13800,1.864557266235352,14240,0.9913385826771653
302,25.39567947387695,13440,1.317481994628906,13480,0.9992181391712275
303,12.216796875,14040,0.9166431427001953,14360,0.993127147766323
304,14.25684928894043,15120,1.579408645629883,15280,0.9967663702506063
305,13.60584259033203,14080,1.000328063964844,14080,1.0
306,18.26008796691895,12040,1.051597595214844,12280,0.995433789954338
307,17.85331726074219,12040,1.041879653930664,12280,0.995433789954338
308,17.4690055847168,12400,4.776840209960938,12560,0.9969348659003832
309,14.15395736694336,13720,1.80079460144043,15560,0.9638364779874213
310,18.29997062683105,12040,1.048908233642578,12280,0.995433789954338
311,15.63735961914062,13800,1.8914794921875,14240,0.9913385826771653
312,15.08055686950684,13800,1.846847534179688,14240,0.9913385826771653
313,13.66708755493164,14080,0.9623622894287109,14080,1.0
314,15.8709716796875,9760,7.068395614624023,9760,1.0
315,2194.475269317627,56640,2181.333074569702,56640,1.0
316,1842.393560409546,63200,5.383443832397461,64880,0.9844444444444445
317,2606.646766662598,63080,5.892801284790039,64120,0.9910437478470547
318,1553.967885971069,52160,1494.548645019531,52160,1.0
319,2550.525712966919,61360,2598.932771682739,61360,1.0
320,3379.830484390259,38360,8.47860336303711,38680,0.9976615024846536
321,2757.432641983032,52920,2983.814516067505,52920,1.0
322,1973.456830978394,100680,2149.344797134399,100680,1.0
323,3356.679725646973,42880,3396.450529098511,42880,1.0
324,6864.880523681641,43000,6506.795520782471,43000,1.0
325,4526.345643997192,46920,5.33787727355957,47400,0.9963713335349259
326,846.9503593444824,83000,830.205717086792,83000,1.0
327,3351.37791633606,38360,8.546724319458008,38560,0.9985384390529085
328,3124.093761444092,42880,3178.113718032837,42880,1.0
329,3748.60764503479,46920,5.383682250976562,47400,0.9963713335349259
330,140.3990459442139,18680,66.95287704467773,18680,1.0
331,130.951452255249,22280,66.3528823852539,22280,1.0
332,213.9070892333984,12200,19.95795249938965,12200,1.0
333,198.6174774169922,12960,95.84475517272949,12960,1.0
334,89.96904373168945,31200,10.60988426208496,31200,1.0
335,177.7098751068115,22280,25.0273609161377,22560,0.9958283671036948
336,280.0361156463623,21080,50.97752571105957,21160,0.9988290398126464
337,82.97748565673828,31200,9.29448127746582,31280,0.9986254295532646
338,214.9477100372314,12200,20.13504028320312,12200,1.0
339,84.0728759765625,31200,11.03425025939941,31280,0.9986254295532646
340,148.9641571044922,19080,87.62228012084961,19080,1.0
341,163.0550003051758,14440,92.34343528747559,14440,1.0
342,116.0167598724365,20840,14.68567848205566,20960,0.9982497082847142
343,281.8093967437744,17480,138.6877155303955,17480,1.0
344,97.6423168182373,28280,59.06232833862305,28760,0.9915966386554622
345,48.75919342041016,9240,0.742645263671875,9240,1.0
346,56.1870002746582,7000,2.323637008666992,7000,1.0
347,30.80802917480469,16320,2.042484283447266,16360,0.9987129987129987
348,109.1621589660645,8440,89.47928428649902,8440,1.0
349,37.54104614257812,8640,31.23499870300293,8640,1.0
350,36.73627853393555,8640,33.40752601623535,8640,1.0
351,59.8532772064209,14480,1.794157028198242,15120,0.9805589307411907
352,49.68820571899414,9240,1.020803451538086,9240,1.0
353,45.08360862731934,11280,46.44091606140137,11280,1.0
354,36.10392570495605,11840,2.176961898803711,11880,0.9988751406074241
355,58.00527572631836,7800,50.6723690032959,7800,1.0
356,44.63099479675293,8280,38.35507392883301,8280,1.0
357,66.58736228942871,8520,57.49628067016602,8520,1.0
358,1161.275396347046,23440,1155.612726211548,23440,1.0
359,45.78811645507812,11560,46.12919807434082,11560,1.0
360,14.62212562561035,14280,10.81323623657227,14280,1.0
361,39.40899848937988,11400,30.99135398864746,11440,0.9990147783251232
362,50.31851768493652,9760,42.13875770568848,9760,1.0
363,38.0045223236084,7280,31.88919067382812,7280,1.0
364,45.80841064453125,9360,36.47304534912109,9360,1.0
365,43.49984169006348,7680,35.42600631713867,7680,1.0
366,11.45912170410156,14840,8.157119750976562,14960,0.9967707212055974
367,46.56619071960449,9360,38.90388488769531,9360,1.0
368,29.48907852172852,10240,25.73540687561035,10320,0.9980842911877394
369,33.818359375,9200,0.9078788757324219,9280,0.9981308411214953
370,47.82864570617676,9760,39.94144439697266,9760,1.0
371,54.45011138916016,9760,45.21235466003418,9760,1.0
372,31.91265106201172,10240,26.32167816162109,10320,0.9980842911877394
373,31.22163772583008,13840,31.20076179504395,13840,1.0
374,51.76775932312012,9760,39.48947906494141,9760,1.0
375,69.14003372192383,12480,25.15743255615234,12480,1.0
376,17.54555702209473,31800,3.349885940551758,31800,1.0
377,44.08363342285156,18120,1.707592010498047,18120,1.0
378,52.30940818786621,9680,2.002525329589844,9680,1.0
379,42.02584266662598,13120,16.6637134552002,13120,1.0
380,79.01524543762207,12320,28.79664421081543,12320,1.0
381,41.79351806640625,11920,1.123838424682617,11920,1.0
382,81.26311302185059,12320,28.75786781311035,12320,1.0
383,80.22353172302246,12320,28.59127998352051,12320,1.0
384,89.54729080200195,9520,45.85923194885254,9520,1.0
385,48.47344398498535,13040,20.26724815368652,13040,1.0
386,38.26568603515625,15120,11.32284164428711,15120,1.0
387,43.60015869140625,13120,16.92912101745605,13120,1.0
388,46.85407638549805,9960,45.83775520324707,9960,1.0
389,26.11008644104004,15280,11.54531478881836,15280,1.0
390,33.33575248718262,28000,3.142995834350586,31480,0.9474320241691843
391,88.59151840209961,32960,6.359548568725586,32960,1.0
392,126.2295246124268,27320,4.170408248901367,27800,0.992822966507177
393,74.63615417480469,22560,5.335760116577148,22680,0.9984135378106822
394,106.8254661560059,28720,7.129440307617188,28720,1.0
395,77.39840507507324,23200,5.521841049194336,23320,0.9984
396,54.19144630432129,33160,4.842681884765625,34400,0.9809348093480935
397,77.62832641601562,23200,5.441951751708984,23320,0.9984
398,78.1439208984375,23200,5.419845581054688,23320,0.9984
399,125.9961605072021,27320,4.116926193237305,27800,0.992822966507177
400,25.64815521240234,35360,3.513278961181641,37720,0.9598912304554724
401,18.65019798278809,28680,21.12540245056152,28680,1.0
402,74.43975448608398,22560,5.36890983581543,22680,0.9984135378106822
403,94.99872207641602,28040,96.77000045776367,28040,1.0
404,18.68612289428711,28680,20.83493232727051,28680,1.0
405,33.42232704162598,6240,3.771800994873047,6240,1.0
406,35.57944297790527,6600,2.124881744384766,6600,1.0
407,32.76907920837402,5600,3.814401626586914,5600,1.0
408,30.98649024963379,16680,3.324041366577148,16680,1.0
409,70.4538345336914,13720,5.066928863525391,13720,1.0
410,32.00230598449707,8000,6.283712387084961,8000,1.0
411,35.15952110290527,6600,2.130842208862305,6600,1.0
412,38.48382949829102,6720,5.009603500366211,6760,0.9993364299933643
413,55.34279823303223,14520,6.454248428344727,14520,1.0
414,28.20019721984863,13240,4.556674957275391,13240,1.0
415,36.4361572265625,6600,2.189321517944336,6600,1.0
416,31.59563064575195,11960,5.436000823974609,12040,0.998546511627907
417,37.72247314453125,8000,7.219762802124023,8000,1.0
418,52.7678394317627,8400,1.691884994506836,8440,0.9993174061433447
419,31.47007942199707,6720,5.122804641723633,6760,0.9993364299933643
420,112.579402923584,22200,12.65216827392578,22280,0.9991735537190083
421,111.1516761779785,22200,12.40324020385742,22200,1.0
422,36.61360740661621,36840,5.745391845703125,36960,0.998539435248296
423,56.08476638793945,27320,7.029714584350586,27400,0.9991273996509599
424,218.2972049713135,23320,22.6868724822998,23360,0.9995819397993311
425,169.2762756347656,19200,16.94929122924805,19240,0.9995991983967936
426,70.85612297058105,19000,8.988685607910156,19000,1.0
427,54.44980621337891,27320,7.073755264282227,27400,0.9991273996509599
428,59.62047576904297,28920,6.919240951538086,29040,0.9986678507992895
429,134.2708492279053,23600,21.96872711181641,29920,0.9337526205450734
430,164.2773628234863,19200,16.79051399230957,19320,0.9987975951903808
431,168.025951385498,19200,16.88883781433105,19240,0.9995991983967936
432,156.0857200622559,19040,133.038969039917,19040,1.0
433,185.3343105316162,28960,160.7057952880859,28960,1.0
434,108.3914852142334,24520,10.78804016113281,24600,0.9991532599491956
435,1.930484771728516,7800,1.110477447509766,7800,1.0
436,3.537359237670898,6960,0.3887081146240234,6960,1.0
437,2.068691253662109,9000,1.003322601318359,9000,1.0
438,2.085628509521484,6720,1.152877807617188,6720,1.0
439,4.535770416259766,6720,3.237190246582031,6720,1.0
440,3.470363616943359,7240,0.5423259735107422,7240,1.0
441,2.660446166992188,5800,1.584157943725586,5800,1.0
442,4.074392318725586,6120,0.5563640594482422,6120,1.0
443,1.995115280151367,9000,0.9698009490966797,9000,1.0
444,4.311037063598633,6920,0.6546688079833984,6920,1.0
445,37.01891899108887,18120,38.9744758605957,18120,1.0
446,4.056320190429688,6040,0.441436767578125,6040,1.0
447,4.420604705810547,7040,0.8977890014648438,7040,1.0
448,4.586477279663086,6720,3.338079452514648,6720,1.0
449,3.721599578857422,8960,4.705438613891602,8960,1.0
450,11.5728759765625,10960,2.174835205078125,10960,1.0
451,9.672813415527344,6440,2.67155647277832,6440,1.0
452,8.386249542236328,12400,2.310676574707031,12400,1.0
453,11.4158821105957,10960,2.256278991699219,10960,1.0
454,8.653640747070312,18080,2.209358215332031,18080,1.0
455,8.538398742675781,9200,1.455841064453125,9200,1.0
456,8.687753677368164,6120,1.626434326171875,6120,1.0
457,7.494907379150391,8480,0.7847213745117188,8480,1.0
458,6.730632781982422,10240,1.264886856079102,10240,1.0
459,10.90143203735352,7280,1.819677352905273,7280,1.0
460,29.6992301940918,14040,62.96283721923828,14040,1.0
461,7.634954452514648,12840,1.483755111694336,12840,1.0
462,14.23051834106445,15080,16.16724014282227,15080,1.0
463,12.06884384155273,8000,0.9091949462890625,8080,0.9978021978021978
464,3.109683990478516,23320,3.960447311401367,23320,1.0
465,75.53336143493652,18080,77.61520385742188,18080,1.0
466,56.35116577148438,21600,1.898317337036133,21880,0.994017094017094
467,57.67327308654785,22880,61.33423805236816,22880,1.0
468,63.30940246582031,22320,66.40280723571777,22320,1.0
469,68.11763763427734,21400,1.095762252807617,21400,1.0
470,94.84535217285156,21280,5.563440322875977,22680,0.9702886247877759
471,134.7060012817383,18040,137.076358795166,18040,1.0
472,54.00540351867676,28000,54.30379867553711,28000,1.0
473,56.37127876281738,22240,57.75111198425293,22240,1.0
474,76.58644676208496,18080,80.97683906555176,18080,1.0
475,92.97028541564941,20360,1.351556777954102,20960,0.9875104079933389
476,50.70176124572754,25600,52.32044219970703,25600,1.0
477,61.14768028259277,22800,64.6570873260498,22800,1.0
478,31.32539749145508,26400,32.54575729370117,26400,1.0
479,32.68760681152344,24080,4.146671295166016,29800,0.8709386281588447
480,117.079610824585,28320,3.545122146606445,28320,1.0
481,217.8455924987793,28640,4.419088363647461,32480,0.9393939393939394
482,136.6583251953125,25000,3.86591911315918,25000,1.0
483,85.65132141113281,22280,3.513479232788086,23200,0.9868043602983362
484,117.6735305786133,28320,3.493709564208984,28320,1.0
485,54.0083122253418,25880,2.741270065307617,29200,0.9497882637628554
486,185.3429222106934,23360,7.659797668457031,31720,0.8782051282051282
487,224.5925998687744,28640,4.543561935424805,32480,0.9393939393939394
488,194.0705108642578,18000,3.813552856445312,18240,0.9967567567567568
489,115.1961231231689,28320,3.501796722412109,28320,1.0
490,265.9888458251953,19320,12.97696113586426,19560,0.9966978536048432
491,188.1595611572266,18000,3.91627311706543,18240,0.9967567567567568
492,131.7693519592285,25000,3.833799362182617,25000,1.0
493,136.8808460235596,25000,3.811397552490234,25000,1.0
494,188.2731914520264,18000,3.768720626831055,18240,0.9967567567567568
495,147.7155208587646,11200,21.23120307922363,11200,1.0
496,141.6824436187744,11200,21.02695465087891,11200,1.0
497,123.0518054962158,22480,2.530403137207031,22480,1.0
498,206.6293239593506,21440,25.91592788696289,21440,1.0
499,149.3154048919678,11200,20.62744140625,11200,1.0
500,118.3336353302002,22480,2.543230056762695,22480,1.0
501,159.9798774719238,10480,3.723926544189453,10480,1.0
502,7.180194854736328,45480,7.529840469360352,45480,1.0
503,155.7402420043945,10480,3.641242980957031,10480,1.0
504,178.4902000427246,21440,45.02923011779785,21440,1.0
505,21.09627723693848,34040,4.214000701904297,34040,1.0
506,7.036514282226562,45480,7.573041915893555,45480,1.0
507,81.66567802429199,18000,13.27888488769531,18000,1.0
508,119.8832416534424,22480,2.514333724975586,22480,1.0
509,27.51520156860352,28080,28.12315940856934,28080,1.0
510,3.979272842407227,10480,2.163848876953125,10480,1.0
511,3.115243911743164,12040,1.556720733642578,12040,1.0
512,3.679323196411133,11040,1.679725646972656,11040,1.0
513,3.380603790283203,8320,0.9089088439941406,8960,0.9866332497911445
514,3.651361465454102,8800,1.686325073242188,8800,1.0
515,3.977117538452148,7960,0.9060096740722656,7960,1.0
516,3.662757873535156,11040,1.656522750854492,11040,1.0
517,4.740791320800781,17320,1.905641555786133,17320,1.0
518,4.368600845336914,7120,1.91035270690918,7120,1.0
519,3.695640563964844,16000,5.265283584594727,16000,1.0
520,4.834146499633789,8040,6.610555648803711,8040,1.0
521,4.31340217590332,7120,1.922121047973633,7120,1.0
522,3.275442123413086,16280,4.804964065551758,16280,1.0
523,4.24839973449707,7120,1.912088394165039,7120,1.0
524,4.369287490844727,17320,1.881427764892578,17320,1.0
525,82.38831520080566,10800,60.11688232421875,10800,1.0
526,56.60784721374512,10800,0.9721565246582031,10800,1.0
527,52.61656761169434,11240,51.42383575439453,11240,1.0
528,51.5234375,11800,48.19426536560059,11800,1.0
529,55.12880325317383,9280,0.9396457672119141,9280,1.0
530,70.2088451385498,8320,53.83028030395508,8320,1.0
531,60.1213264465332,11280,37.80620574951172,11280,1.0
532,80.81536293029785,10800,59.55004692077637,10800,1.0
533,68.02432060241699,8320,53.36004257202148,8320,1.0
534,74.190673828125,8320,52.43607521057129,8320,1.0
535,41.73469543457031,18840,33.85061264038086,18840,1.0
536,69.00952339172363,7840,6.099767684936523,7840,1.0
537,89.45735931396484,17120,82.0847225189209,17120,1.0
538,26.7893123626709,18600,23.76243591308594,18600,1.0
539,57.11323738098145,10800,0.9563159942626953,10800,1.0
540,23.54104042053223,19320,3.114843368530273,19320,1.0
541,21.50527954101562,19600,25.08811950683594,19600,1.0
542,26.68036460876465,11000,2.254486083984375,11000,1.0
543,59.949951171875,14080,3.697834014892578,14080,1.0
544,24.73711013793945,8880,4.76963996887207,8880,1.0
545,23.35563659667969,19160,4.538402557373047,19160,1.0
546,41.68099403381348,11280,3.664751052856445,11280,1.0
547,21.24411582946777,16320,3.163681030273438,16320,1.0
548,26.58788681030273,23960,7.121038436889648,23960,1.0
549,25.4107666015625,9960,29.12749290466309,9960,1.0
550,17.51031875610352,17920,22.97924041748047,17920,1.0
551,25.83067893981934,8880,4.660720825195312,8880,1.0
552,22.10159301757812,19160,4.545488357543945,19160,1.0
553,41.3530445098877,11280,3.676872253417969,11280,1.0
554,25.90327262878418,11000,2.273111343383789,11000,1.0
555,375.3207969665527,32240,45.94371795654297,32360,0.9991028708133971
556,76.01760864257812,53520,7.667961120605469,56760,0.9701327433628318
557,208.3332347869873,46880,4.87696647644043,47760,0.9923558026407228
558,517.9604053497314,31440,24.04443740844727,31600,0.9988452655889145
559,527.3625946044922,31440,23.01455497741699,31600,0.9988452655889145
560,342.7942657470703,31400,39.32374954223633,31400,1.0
561,224.7528076171875,42360,230.8505630493164,42360,1.0
562,407.2237968444824,36200,407.201681137085,36200,1.0
563,230.0487995147705,44960,19.09636497497559,46080,0.9904306220095693
564,64.88911628723145,61560,5.704412460327148,66560,0.9459108610990913
565,90.42932510375977,58600,6.270322799682617,60040,0.9865921787709497
566,331.4242362976074,31400,39.17123794555664,31400,1.0
567,356.8076515197754,43600,5.640878677368164,45160,0.9876582278481013
568,147.6220035552979,40840,12.45404243469238,41520,0.9943875866622648
569,106.5394020080566,49760,9.787874221801758,50560,0.9931176875430144
570,357.0981597900391,23320,361.9939994812012,23320,1.0
571,715.8968830108643,18320,11.57772064208984,18760,0.9947418738049714
572,211.2829208374023,27320,10.04942893981934,28280,0.9871451526513123
573,497.3457527160645,20800,2.912635803222656,21840,0.987192118226601
574,489.8598384857178,20800,2.949361801147461,21840,0.987192118226601
575,498.5228729248047,20800,2.952365875244141,21840,0.987192118226601
576,174.6506404876709,26400,7.255039215087891,28360,0.9740740740740741
577,324.522876739502,23600,333.7296104431152,23600,1.0
578,305.0108814239502,25760,4.042758941650391,25840,0.9989506820566632
579,621.3078784942627,29920,16.53683662414551,31320,0.9833491912464319
580,387.3152351379395,17880,4.322872161865234,18000,0.9985734664764622
581,274.1621589660645,31640,3.326644897460938,32040,0.9943149516770893
582,714.8300075531006,18320,10.87479591369629,18760,0.9947418738049714
583,336.0938453674316,23600,331.3285636901855,23600,1.0
584,132.22412109375,33560,137.5109195709229,33560,1.0
585,31.81623458862305,28600,3.034076690673828,28800,0.9973544973544973
586,25.17067909240723,21400,1.333112716674805,23080,0.9806451612903225
587,63.46115112304688,27560,5.264644622802734,27720,0.9981949458483754
588,33.78512382507324,29560,3.274831771850586,29640,0.9989281886387996
589,37.78167724609375,21320,4.045877456665039,21320,1.0
590,48.20068359375,21320,5.94975471496582,21320,1.0
591,42.36888885498047,21800,1.812601089477539,22120,0.9962962962962963
592,33.45191955566406,27640,4.794120788574219,27640,1.0
593,37.11260795593262,21320,3.382644653320312,21320,1.0
594,42.89864540100098,29360,14.75475311279297,29360,1.0
595,27.67536163330078,34240,3.274517059326172,34400,0.9977129788450543
596,54.80607986450195,23880,60.54068565368652,23880,1.0
597,41.58877372741699,17160,5.489320755004883,17160,1.0
598,22.53756523132324,23840,4.732599258422852,25160,0.9835739173718268
599,64.23432350158691,24200,7.075681686401367,24480,0.9968181818181818
600,4.422435760498047,3720,1.917963027954102,3960,0.987152034261242
601,4.863996505737305,3120,0.4894447326660156,3120,1.0
602,3.795452117919922,4720,4.717874526977539,4720,1.0
603,4.474964141845703,5080,0.7225513458251953,5080,1.0
604,2.696399688720703,5280,0.5925178527832031,5280,1.0
605,7.641639709472656,4280,1.397762298583984,4320,0.9977924944812362
606,7.238435745239258,3920,1.294393539428711,3920,1.0
607,4.413204193115234,4520,0.7648086547851562,4520,1.0
608,5.712766647338867,4280,0.9068107604980469,4320,0.9977924944812362
609,4.784393310546875,3000,0.7880878448486328,3000,1.0
610,4.433078765869141,3000,0.7877254486083984,3000,1.0
611,2.646722793579102,2480,2.062244415283203,2480,1.0
612,4.209508895874023,5080,0.6910037994384766,5080,1.0
613,4.480447769165039,3120,0.4831504821777344,3120,1.0
614,4.899835586547852,4840,1.033639907836914,4880,0.9977220956719818
615,80.09639739990234,45880,5.799074172973633,48160,0.9753032928942807
616,89.79887962341309,42800,8.418951034545898,45360,0.9731656184486374
617,90.4471492767334,35840,7.175359725952148,36600,0.9922732818218788
618,88.61181259155273,35840,7.418794631958008,36600,0.9922732818218788
619,121.8416309356689,27440,2.759599685668945,27440,1.0
620,122.478084564209,25400,5.824527740478516,25480,0.9992647058823529
621,82.71420478820801,42560,6.154842376708984,43160,0.9931538110451849
622,112.2265625,32360,11.71544075012207,32480,0.9987735077677842
623,69.27675247192383,33200,2.750110626220703,34360,0.9880412371134021
624,70.1313591003418,33200,2.935037612915039,34360,0.9880412371134021
625,54.09076690673828,46280,4.416837692260742,49680,0.9574574574574575
626,118.5915279388428,27160,8.42411994934082,27200,0.999626307922272
627,196.718635559082,30840,3.498849868774414,31000,0.9984520123839009
628,148.9322757720947,37360,5.893230438232422,38880,0.9849266164220547
629,49.9714469909668,39640,15.24896621704102,40160,0.9937015503875969
630,28.28800201416016,5440,0.8122825622558594,5440,1.0
631,15.8590030670166,7480,0.5936908721923828,7480,1.0
632,27.83638954162598,5440,0.8270835876464844,5720,0.9899135446685879
633,29.38028335571289,5440,0.9060382843017578,5720,0.9899135446685879
634,17.3554801940918,9680,0.9059906005859375,9840,0.9931972789115646
635,4.399003982543945,8320,1.139764785766602,8320,1.0
636,20.83408355712891,5000,0.7938003540039062,5280,0.9900709219858156
637,13.48371505737305,5960,0.6480789184570312,6000,0.9985315712187959
638,19.36623573303223,5280,1.092967987060547,5280,1.0
639,7.380161285400391,6440,0.4577159881591797,6800,0.9865470852017937
640,6.501684188842773,6640,0.4603672027587891,6800,0.9939759036144579
641,18.6732006072998,4680,3.46247673034668,4800,0.9957924263674615
642,6.418962478637695,6640,0.545196533203125,7080,0.983433734939759
643,15.50020217895508,7280,2.806720733642578,7280,1.0
644,5.504245758056641,8560,0.5651283264160156,9040,0.9805194805194806
645,4182.325553894043,73920,7.338047027587891,74120,0.9987751102400784
646,1937.175521850586,100400,16.78312301635742,102080,0.9873493975903614
647,1835.945434570312,76520,4.908485412597656,80960,0.9716619862139393
648,1913.344078063965,100400,16.92384719848633,102080,0.9873493975903614
649,4800.996723175049,83200,37.22908020019531,83320,0.9992405063291139
650,1558.284358978271,83400,15.75192451477051,83920,0.9965287049399199
651,1511.911153793335,102880,23.96732330322266,108720,0.9522563767168084
652,2461.99556350708,80120,5.507841110229492,81800,0.9893048128342246
653,2459.224720001221,80120,5.374250411987305,81800,0.9893048128342246
654,9768.747072219849,71360,9015.554285049438,71360,1.0
655,9806.405124664307,71360,9111.490411758423,71360,1.0
656,6236.470994949341,93680,8.639364242553711,94240,0.9962039045553145
657,4772.070207595825,83200,38.5277271270752,83320,0.9992405063291139
658,2443.932237625122,80120,5.402250289916992,81800,0.9893048128342246
659,2452.116041183472,80120,5.423965454101562,81800,0.9893048128342246
660,8.625116348266602,17600,1.891918182373047,17600,1.0
661,10.75024604797363,9720,0.9759616851806641,9720,1.0
662,10.16820907592773,8640,2.184162139892578,8640,1.0
663,7.559728622436523,10360,1.157321929931641,10360,1.0
664,9.648475646972656,14280,2.528848648071289,14280,1.0
665,13.32228660583496,11400,1.367397308349609,11400,1.0
666,5.306997299194336,21400,6.982994079589844,21400,1.0
667,10.56424140930176,9720,0.9930896759033203,9720,1.0
668,8.125,14840,1.813478469848633,14840,1.0
669,12.33852386474609,10280,2.081794738769531,10280,1.0
670,5.230998992919922,17760,6.434478759765625,17760,1.0
671,12.64883041381836,10000,4.889936447143555,10000,1.0
672,10.8211612701416,12440,5.865230560302734,12520,0.9973118279569892
673,5.228233337402344,21400,6.942758560180664,21400,1.0
674,5.145845413208008,21400,7.129831314086914,21400,1.0
675,59.93095397949219,10440,1.394033432006836,10440,1.0
676,57.39903450012207,10440,1.43336296081543,10440,1.0
677,85.13511657714844,9680,9.081640243530273,9680,1.0
678,57.15825080871582,8560,2.014961242675781,8560,1.0
679,32.50994682312012,10800,4.948720932006836,10800,1.0
680,85.23568153381348,9680,9.25527572631836,9680,1.0
681,31.55344009399414,10800,4.847240447998047,10800,1.0
682,19.57887649536133,13440,3.113803863525391,13440,1.0
683,43.84832382202148,11880,5.539960861206055,11880,1.0
684,9.380044937133789,19160,1.708555221557617,20080,0.9593639575971732
685,63.74112129211426,10400,1.292638778686523,10400,1.0
686,66.39787673950195,9320,1.23016357421875,9320,1.0
687,44.24817085266113,11880,5.414247512817383,11880,1.0
688,35.11176109313965,11560,1.286153793334961,12240,0.9775132275132276
689,87.39203453063965,12760,10.80535888671875,12760,1.0
690,168.2667922973633,18840,35.60539245605469,19320,0.995965030262273
691,132.2534847259521,36440,136.3205242156982,36440,1.0
692,136.7406368255615,35960,137.6984024047852,35960,1.0
693,40.03660202026367,55040,9.40103530883789,55160,0.9985500241662639
694,135.7540321350098,35960,137.88743019104,35960,1.0
695,165.6602764129639,18840,36.91880226135254,19320,0.995965030262273
696,39.46235656738281,55040,9.715509414672852,55160,0.9985500241662639
697,136.8265628814697,35960,138.1460857391357,35960,1.0
698,187.3128414154053,24200,41.94576263427734,24240,0.9996478873239436
699,179.1536712646484,19680,3.648557662963867,20880,0.9898408398239079
700,165.8130359649658,20680,35.67812919616699,21440,0.9935109289617486
701,95.84676742553711,32200,5.609321594238281,32240,0.9996212121212121
702,106.2951183319092,32320,24.68204498291016,32360,0.999620781190747
703,165.7100391387939,20680,35.55444717407227,21440,0.9935109289617486
704,110.8337116241455,40880,28.24055671691895,42280,0.9849332759362893
705,114.7926044464111,33920,72.38964080810547,33920,1.0
706,101.5832042694092,15960,53.23215484619141,15960,1.0
707,78.82135391235352,33800,45.7924747467041,33800,1.0
708,89.99876022338867,28920,55.64111709594727,28920,1.0
709,194.4603252410889,31960,129.4390487670898,31960,1.0
710,191.0454845428467,31960,128.4602928161621,31960,1.0
711,72.19772338867188,21960,5.665111541748047,21960,1.0
712,126.0872745513916,30840,8.597602844238281,32080,0.9877179080824089
713,98.35643768310547,15960,55.05547523498535,15960,1.0
714,100.7974433898926,18120,7.212800979614258,18120,1.0
715,104.6490001678467,15960,55.99371910095215,15960,1.0
716,77.55444526672363,20360,1.270437240600586,21560,0.9892318736539842
717,65.31656265258789,35160,36.33560180664062,35240,0.9991721854304636
718,71.24792098999023,21960,5.473918914794922,21960,1.0
719,74.66788291931152,21840,5.424118041992188,21840,1.0
720,248.5970020294189,49520,7.019357681274414,51720,0.9787398531117124
721,585.1330852508545,49320,5.577239990234375,49520,0.9981426448736999
722,251.2349987030029,58240,3.746767044067383,63000,0.9497678345293372
723,356.9599342346191,46520,2.891845703125,50480,0.9613583138173302
724,906.6120052337646,56080,6.398525238037109,61120,0.9479983491539414
725,588.4058380126953,49320,5.446290969848633,49520,0.9981426448736999
726,516.8708801269531,44400,2.841558456420898,46080,0.9845303867403314
727,427.1896457672119,58080,17.42527961730957,62040,0.9615235134084726
728,516.5914440155029,44240,11.95487976074219,44880,0.9941154836336888
729,396.2492656707764,48320,3.07988166809082,50560,0.9786014520443256
730,308.8885593414307,60200,6.680116653442383,62400,0.9762931034482759
731,853.9803886413574,44880,11.5031909942627,45760,0.9918608953015169
732,515.2956771850586,44400,2.866678237915039,46080,0.9845303867403314
733,205.8937740325928,52440,5.628490447998047,53120,0.9932378679395386
734,402.6879692077637,50120,8.382272720336914,50840,0.9930015552099534
735,321.1509227752686,63960,6.05839729309082,64080,0.9990671641791045
736,832.7925109863281,43560,118.0958652496338,44640,0.9927536231884058
737,645.084810256958,56280,95.58664321899414,56400,0.9991197183098591
738,435.2093601226807,39760,3.186969757080078,39760,1.0
739,395.0077152252197,50240,6.416330337524414,50280,0.9997190221972464
740,459.8037528991699,45840,466.5819549560547,45840,1.0
741,394.6453952789307,50240,6.316070556640625,50280,0.9997190221972464
742,679.1299629211426,32680,681.2484359741211,32680,1.0
743,372.7292060852051,49680,52.92607307434082,49720,0.9997201231458158
744,698.177080154419,32680,687.8353977203369,32680,1.0
745,326.0372734069824,64720,304.0468788146973,64720,1.0
746,838.982400894165,40280,113.8080787658691,40320,0.9997373949579832
747,116.8537616729736,106760,124.4368362426758,106760,1.0
748,404.6760082244873,50240,6.364555358886719,50280,0.9997190221972464
749,452.7963542938232,45840,457.1730709075928,45840,1.0
750,2719.966115951538,39280,5.63563346862793,39280,1.0
751,588.3023166656494,41960,595.7661628723145,41960,1.0
752,742.8016376495361,30240,4.078235626220703,30760,0.9957432874918141
753,642.7144432067871,43280,627.6284027099609,43280,1.0
754,2039.976644515991,42640,6.685152053833008,42920,0.9976222826086957
755,1503.308725357056,32160,3.346757888793945,32160,1.0
756,311.940279006958,47920,305.2999496459961,47920,1.0
757,645.6809997558594,38320,676.6769599914551,38320,1.0
758,1912.451286315918,30120,1931.790771484375,30120,1.0
759,51.85395240783691,83040,53.9664363861084,83040,1.0
760,799.8929595947266,31960,4.019355773925781,32160,0.9983394221188974
761,1067.78600692749,35000,1057.711715698242,35000,1.0
762,66.66979789733887,73840,194.4450759887695,73840,1.0
763,127.7734851837158,73840,160.3943634033203,73840,1.0
764,129.1966342926025,73840,230.6609153747559,73840,1.0
765,357.5544834136963,24840,6.505317687988281,25360,0.9944774851316908
766,440.0383186340332,27800,4.117155075073242,28000,0.9978070175438597
767,591.6515254974365,23400,2.852401733398438,23400,1.0
768,206.5695953369141,30080,4.732637405395508,30880,0.9910031488978858
769,68.57743263244629,36640,10.25872230529785,37200,0.9932005828071879
770,1313.832845687866,26480,3.789644241333008,26480,1.0
771,1063.268365859985,29480,4.984760284423828,32160,0.9700625558534406
772,688.8325214385986,20920,4.245767593383789,20920,1.0
773,508.6345100402832,29560,498.6195087432861,29560,1.0
774,234.6997165679932,33240,3.892927169799805,35200,0.9771455223880597
775,480.5324840545654,34520,100.3945541381836,34520,1.0
776,663.610954284668,19480,51.04691505432129,19480,1.0
777,495.2722072601318,29560,511.6367721557617,29560,1.0
778,314.6216106414795,31920,76.12959861755371,31920,1.0
779,1383.956289291382,29720,337.887077331543,29720,1.0
780,31.76700592041016,14480,4.666509628295898,14480,1.0
781,23.71617317199707,19280,1.633567810058594,20000,0.9865470852017937
782,33.64864349365234,17360,2.745161056518555,17360,1.0
783,26.39100074768066,21360,1.943159103393555,21800,0.9920634920634921
784,25.71806907653809,18120,1.720800399780273,18120,1.0
785,25.0670337677002,20240,1.78619384765625,21000,0.9865629420084866
786,8.646001815795898,35680,8.515958786010742,35680,1.0
787,22.36995697021484,23200,4.11407470703125,23520,0.9940298507462687
788,24.59456443786621,19680,1.655168533325195,19680,1.0
789,34.1439151763916,20240,9.166831970214844,20400,0.9973579920739762
790,35.58236122131348,15920,2.720165252685547,16040,0.9980289093298291
791,9.567594528198242,32120,11.16012573242188,32120,1.0
792,34.43511009216309,15920,2.65955924987793,15920,1.0
793,41.90783500671387,16600,9.989919662475586,16760,0.9975077881619938
794,19.05692100524902,25000,4.478282928466797,25000,1.0
795,114.4555568695068,30600,2.782354354858398,30600,1.0
796,98.11408996582031,37160,6.672134399414062,37320,0.9975845410628019
797,80.86775779724121,45880,6.391639709472656,46320,0.9917787742899851
798,104.4999980926514,35480,25.63136100769043,35480,1.0
799,127.705602645874,26400,2.445526123046875,26400,1.0
800,100.7000827789307,35480,26.67052268981934,35480,1.0
801,134.7959232330322,32680,3.646202087402344,33960,0.9828693790149893
802,113.5514259338379,30600,2.682924270629883,30600,1.0
803,179.8318386077881,26520,43.60263824462891,26800,0.996538081107814
804,138.6573219299316,26680,3.109407424926758,26680,1.0
805,64.29020881652832,35600,17.01024055480957,35600,1.0
806,90.7347583770752,27800,94.72500801086426,27800,1.0
807,228.0655670166016,24240,89.77148056030273,24520,0.9966329966329966
808,46.61899566650391,38440,14.23147201538086,38440,1.0
809,47.85976409912109,38440,14.13334846496582,38440,1.0
810,443.3005142211914,29880,11.83576583862305,29960,0.9991239597021463
811,376.9295978546143,29880,3.592872619628906,30200,0.9964958388085852
812,211.2075138092041,31880,6.250514984130859,32280,0.9955217196596506
813,205.8774757385254,31880,5.922708511352539,32280,0.9955217196596506
814,366.9499206542969,29880,3.61851692199707,30200,0.9964958388085852
815,149.0316867828369,32080,9.734916687011719,33320,0.9860861759425493
816,281.3901996612549,36240,4.51904296875,44480,0.9030131826741996
817,589.6802425384521,27080,19.5475959777832,28320,0.9868253293667658
818,658.6201667785645,34200,8.629484176635742,43080,0.8979310344827586
819,51.24792098999023,46320,14.44007873535156,46720,0.9946581196581197
820,265.3367233276367,34000,3.117132186889648,34240,0.9972477064220183
821,360.2636814117432,25280,10.77824592590332,25400,0.9987489574645538
822,379.6845149993896,27600,13.86651992797852,27600,1.0
823,587.2803592681885,27080,20.77420234680176,28320,0.9868253293667658
824,293.2443904876709,36240,4.659080505371094,44760,0.8997175141242938
825,6.265954971313477,8800,0.5607986450195312,8880,0.9984674329501916
826,5.565605163574219,8960,0.9194374084472656,8960,1.0
827,10.24323463439941,11960,3.282508850097656,11960,1.0
828,6.780605316162109,8880,0.7655525207519531,9160,0.9946277820414429
829,8.884849548339844,11960,2.90003776550293,11960,1.0
830,12.95159339904785,16360,3.314638137817383,16600,0.9946236559139785
831,6.458368301391602,8800,0.5639171600341797,8880,0.9984674329501916
832,8.074359893798828,8360,0.6004810333251953,8360,1.0
833,8.184032440185547,8040,2.072439193725586,8040,1.0
834,7.800436019897461,8360,0.6236076354980469,8360,1.0
835,8.568601608276367,8720,4.699993133544922,8720,1.0
836,7.367677688598633,8560,0.5951213836669922,8760,0.996186117467582
837,8.583965301513672,8240,0.8984375,8240,1.0
838,6.564207077026367,8800,0.5870437622070312,8880,0.9984674329501916
839,8.82131576538086,8720,4.683198928833008,8720,1.0
840,157.8896331787109,22200,5.973405838012695,22200,1.0
841,109.0399074554443,28840,2.965240478515625,31360,0.9710876548875631
842,24.45157051086426,48440,3.161411285400391,48440,1.0
843,132.7946472167969,23520,2.634363174438477,24640,0.9878892733564014
844,107.1177577972412,31760,6.722917556762695,31760,1.0
845,205.5830478668213,25960,9.993762969970703,25960,1.0
846,82.05678939819336,28480,5.331754684448242,33240,0.9430076628352491
847,220.4653167724609,24680,10.96272468566895,24680,1.0
848,159.4460487365723,22200,6.081438064575195,22200,1.0
849,251.7873096466064,24640,4.554882049560547,24920,0.9969352014010507
850,24.71640586853027,48440,2.844839096069336,48440,1.0
851,206.1682415008545,25960,10.25815963745117,25960,1.0
852,58.71111869812012,37400,4.132518768310547,37400,1.0
853,90.81331253051758,39840,4.802646636962891,39840,1.0
854,133.2623195648193,23520,2.641487121582031,24640,0.9878892733564014
855,109.532642364502,24760,3.645467758178711,29480,0.9521492295214923
856,47.41111755371094,44880,50.74528694152832,44880,1.0
857,155.1956844329834,23720,1.692800521850586,24360,0.9938271604938271
858,135.9994411468506,18280,8.522157669067383,18280,1.0
859,161.3258361816406,37720,161.9247245788574,37720,1.0
860,111.5444850921631,23920,1.522283554077148,25360,0.9860842674913026
861,12.41280555725098,100400,16.18051528930664,100400,1.0
862,135.4866790771484,18280,8.228321075439453,18280,1.0
863,203.8651561737061,25160,6.889438629150391,25160,1.0
864,143.3822727203369,20920,1.38676643371582,20920,1.0
865,79.55419540405273,52600,7.707595825195312,54720,0.9700564971751412
866,46.87779426574707,44880,52.37548828125,44880,1.0
867,146.7665672302246,23800,149.7591590881348,23800,1.0
868,137.8663635253906,21160,139.6624374389648,21160,1.0
869,81.84747695922852,27920,87.9085636138916,27920,1.0
870,2666.520481109619,53800,8.342647552490234,53920,0.9990163934426229
871,15007.36048698425,49640,30.36612510681152,50560,0.992707672796449
872,9712.621765136719,63400,9.768314361572266,65240,0.984192439862543
873,3534.270029067993,44120,3583.444080352783,44120,1.0
874,2447.183637619019,64000,7.880439758300781,64800,0.9925788497217068
875,2321.669769287109,45360,2334.853487014771,45360,1.0
876,2281.287078857422,45360,2370.504007339478,45360,1.0
877,2612.377996444702,52120,11.93879127502441,52520,0.9967658473479948
878,3048.964920043945,65360,6.816320419311523,66640,0.988815099615519
879,3613.740558624268,40560,19.36803817749023,40560,1.0
880,498.877592086792,75880,490.8829307556152,75880,1.0
881,2796.189079284668,42760,2843.838129043579,42760,1.0
882,394.7463989257812,70720,402.9805564880371,70720,1.0
883,15066.67071342468,49640,32.73752212524414,50760,0.9911223842739378
884,4207.097244262695,46440,25.28816223144531,46720,0.9978354978354979
885,103.5582065582275,14240,39.38139915466309,14240,1.0
886,96.10491752624512,13720,1.268587112426758,15240,0.9647168059424327
887,139.3593215942383,12760,1.060028076171875,12920,0.9963669391462306
888,140.3571224212646,12760,0.9580802917480469,12840,0.9981834695731153
889,21.49015426635742,16120,1.558914184570312,19080,0.9272369714847591
890,237.8097915649414,11640,4.850807189941406,12440,0.9822852081488043
891,89.77055549621582,16680,27.3519229888916,17640,0.9760717846460618
892,23.65964889526367,16440,1.588354110717773,18560,0.9474727452923687
893,127.551794052124,13240,0.65704345703125,13240,1.0
894,128.5465145111084,11280,1.705799102783203,11640,0.992091388400703
895,129.3528747558594,11080,51.4158821105957,11080,1.0
896,125.4745197296143,11080,53.12402725219727,11080,1.0
897,63.33746910095215,13280,2.714691162109375,13800,0.9880514705882353
898,69.28507804870605,18280,69.41671371459961,18280,1.0
899,118.0128479003906,14240,38.85859489440918,14240,1.0
900,439.6319961547852,40760,90.16347885131836,40760,1.0
901,1182.149839401245,24960,9.788475036621094,25000,0.9997528423133959
902,450.8804702758789,44440,7.804803848266602,44480,0.9997190221972464
903,242.5550365447998,78720,72.49691009521484,78720,1.0
904,1071.793165206909,28680,3.973121643066406,28800,0.9992410827219833
905,668.6983108520508,37160,4.461069107055664,37160,1.0
906,709.6896839141846,37160,4.26300048828125,37160,1.0
907,688.7005996704102,37160,4.243555068969727,37160,1.0
908,510.0719165802002,34480,5.275239944458008,34480,1.0
909,360.0896835327148,33800,96.95655822753906,33800,1.0
910,150.2729892730713,48400,151.9524097442627,48400,1.0
911,350.9084892272949,33800,99.53041076660156,33800,1.0
912,377.8131580352783,55360,386.4146423339844,55360,1.0
913,285.2785968780518,33160,3.011283874511719,34000,0.994532673782869
914,986.4116859436035,52920,7.483158111572266,61880,0.9350159559036844
915,97.82828330993652,15360,28.29004287719727,15360,1.0
916,162.1491527557373,19160,35.07950782775879,19400,0.9963985594237695
917,305.0596332550049,15720,1.716680526733398,16360,0.9908675799086758
918,178.0593967437744,16320,1.444807052612305,16400,0.9988485895221646
919,217.3713207244873,18560,4.639930725097656,19840,0.9809637120761452
