,grade,optimal cost,optimal time,repair align cost,repair align time
0,1.0,7160,11.72956466674805,7160,2.940073013305664
1,1.0,14520,6.677236557006836,14520,1.959953308105469
2,1.0,7160,14.22183036804199,7160,3.023242950439453
3,1.0,8560,16.3960075378418,8560,1.758155822753906
4,1.0,6440,12.67271995544434,6440,1.903467178344727
5,1.0,7160,11.26863479614258,7160,3.07220458984375
6,1.0,7160,10.91913223266602,7160,3.048725128173828
7,1.0,14400,8.470792770385742,14400,11.46147727966309
8,0.9955190440627334,11640,9.549531936645508,11880,1.620798110961914
9,1.0,8560,16.42884254455566,8560,1.797876358032227
10,1.0,7920,11.59855842590332,7920,14.43620681762695
11,1.0,20560,5.286645889282227,20560,7.422323226928711
12,1.0,7160,12.00868606567383,7160,3.106555938720703
13,1.0,6440,10.52944183349609,6440,3.446073532104492
14,1.0,7920,11.6960334777832,7920,16.75363540649414
15,0.9928172386272945,19480,18.62800598144531,19840,1.626253128051758
16,0.9966044142614601,18480,26.51216506958008,18640,1.740760803222656
17,1.0,23680,13.46604347229004,23680,12.29930877685547
18,0.9931212381771282,19080,20.26679039001465,19400,2.222681045532227
19,0.9832246039142591,22680,9.69355583190918,23400,2.534551620483398
20,0.9929467084639498,18560,19.02135848999023,18920,2.552919387817383
21,1.0,25520,43.72191429138184,25520,5.753707885742188
22,0.9832246039142591,22680,9.094839096069336,23400,2.762956619262695
23,0.9928172386272945,19480,17.80703544616699,19840,1.620082855224609
24,1.0,21240,36.26988410949707,21240,3.531322479248047
25,0.9966044142614601,18480,28.28143119812012,18640,1.943445205688477
26,0.9166666666666666,31360,4.966878890991211,33880,5.346517562866211
27,1.0,19560,23.38666915893555,19560,14.71556663513184
28,1.0,23680,13.69387626647949,23680,9.517555236816406
29,0.9891936824605154,17480,16.49004936218262,18000,3.865280151367188
30,0.874054054054054,34200,48.68535995483398,43520,3.814315795898438
31,0.9968253968253968,24000,157.6748371124268,24280,4.307003021240234
32,0.9964539007092199,29240,72.68427848815918,29520,3.439760208129883
33,0.99644128113879,29520,97.84259796142578,29800,3.161916732788086
34,0.9863481228668942,26160,57.91640281677246,27280,6.45939826965332
35,1.0,48920,34.5003604888916,48920,29.81931686401367
36,1.0,26520,112.62375831604,26520,2.85731315612793
37,0.9969135802469136,17480,132.0431232452393,17760,2.823801040649414
38,0.9881630863656291,16960,152.3726081848145,18040,8.170490264892578
39,0.9959349593495935,35320,81.1660385131836,35600,3.108282089233398
40,0.977632296781233,34880,68.13515663146973,36520,5.793323516845703
41,0.9863481228668942,26160,57.91463851928711,27280,6.575717926025391
42,1.0,86760,1.911754608154297,86760,2.656440734863281
43,1.0,51280,12.84628868103027,51280,10.87267875671387
44,0.9969135802469136,17480,132.9170894622803,17760,2.726755142211914
45,0.9825242718446602,3000,2.211799621582031,3720,0.7069969177246094
46,1.0,14080,1.664724349975586,14080,1.163558959960938
47,1.0,9080,2.309761047363281,9080,1.686954498291016
48,0.9825242718446602,3000,2.104883193969727,3720,0.7361221313476562
49,1.0,9080,2.374639511108398,9080,1.605710983276367
50,1.0,5800,2.337884902954102,5800,0.776519775390625
51,0.9968717413972888,5840,3.133440017700195,5960,0.9346485137939453
52,1.0,5800,2.470769882202148,5800,0.7314395904541016
53,1.0,5960,3.977441787719727,5960,1.004400253295898
54,1.0,8360,2.141313552856445,8360,2.184915542602539
55,1.0,8360,2.005834579467773,8360,2.374000549316406
56,1.0,8360,1.987037658691406,8360,2.152729034423828
57,0.9825242718446602,3000,2.230243682861328,3720,0.7276821136474609
58,1.0,6600,2.891950607299805,6600,3.973197937011719
59,1.0,7160,2.116565704345703,7160,1.525640487670898
60,1.0,10120,1.68492317199707,10120,2.117643356323242
61,0.9913669064748202,7000,1.902990341186523,7240,0.5894374847412109
62,0.9928443649373881,8440,1.481924057006836,8600,0.7034778594970703
63,0.993514915693904,3960,1.893882751464844,4160,0.7112407684326172
64,1.0,7800,2.092313766479492,7800,0.8141231536865234
65,0.996316758747698,9080,1.449403762817383,9160,1.223764419555664
66,1.0,6000,1.71992301940918,6000,1.546564102172852
67,0.9985915492957746,6400,2.719755172729492,6440,0.9647178649902344
68,0.993514915693904,3960,1.902437210083008,4160,0.7468795776367188
69,1.0,8560,1.954689025878906,8560,1.837282180786133
70,0.9985915492957746,6400,2.070035934448242,6440,0.7012748718261719
71,1.0,4440,2.695760726928711,4440,1.159076690673828
72,0.996316758747698,9080,1.463518142700195,9160,1.314601898193359
73,1.0,6000,1.712121963500977,6000,1.59123420715332
74,0.993514915693904,3960,1.944561004638672,4160,0.6905269622802734
75,1.0,8880,3.38404655456543,8880,0.9336757659912109
76,0.9945280437756499,6760,3.523674011230469,6920,1.053123474121094
77,1.0,12920,2.557754516601562,12920,1.470279693603516
78,1.0,3240,3.399724960327148,3240,2.6275634765625
79,1.0,3240,3.456525802612305,3240,2.379121780395508
80,1.0,20720,1.409759521484375,20720,1.983013153076172
81,1.0,7840,4.280757904052734,7840,5.265645980834961
82,0.9820627802690582,9240,3.177690505981445,9720,0.8863639831542969
83,0.9820627802690582,9240,3.217077255249023,9720,0.8957672119140625
84,1.0,12960,2.820606231689453,12960,1.922073364257812
85,1.0,7840,7.446203231811523,7840,12.23432540893555
86,0.9915966386554622,12960,3.396520614624023,13120,1.889514923095703
87,0.9816849816849816,3240,3.476438522338867,3840,1.190090179443359
88,0.9945280437756499,6760,4.766244888305664,6920,1.439075469970703
89,1.0,3480,3.234481811523438,3480,2.169084548950195
90,1.0,5360,5.871315002441406,5360,3.082637786865234
91,1.0,8920,9.187326431274414,8920,3.262434005737305
92,0.9974747474747475,7320,4.151077270507812,7400,1.115446090698242
93,0.9921363040629095,8480,3.730802536010742,8720,1.534442901611328
94,1.0,5640,5.053472518920898,5640,1.424551010131836
95,1.0,8720,3.434476852416992,8720,2.518959045410156
96,1.0,8920,3.625755310058594,8920,1.793069839477539
97,1.0,13200,5.165243148803711,13200,2.312917709350586
98,1.0,11800,2.944393157958984,11800,4.540081024169922
99,1.0,5640,3.702888488769531,5640,0.9952449798583984
100,0.9974747474747475,7320,4.911842346191406,7400,1.345844268798828
101,1.0,13520,2.999601364135742,13520,1.42491340637207
102,1.0,6840,4.406633377075195,6840,7.00535774230957
103,0.9947089947089947,8760,3.897409439086914,8920,1.402835845947266
104,1.0,20080,8.163566589355469,20080,5.875320434570312
105,0.9760479041916168,12720,43.38560104370117,13680,4.115076065063477
106,1.0,15000,21.48739814758301,15000,22.4605655670166
107,0.9385775862068966,11680,40.91811180114746,13960,1.781234741210938
108,1.0,11160,41.09103202819824,11160,1.76447868347168
109,0.9276018099547512,26280,51.92307472229004,28200,6.020126342773438
110,0.9879518072289156,9640,78.30016136169434,10160,3.363313674926758
111,0.9760479041916168,12720,43.77739906311035,13680,4.444437026977539
112,0.9756367663344407,12680,35.09919166564941,13560,2.745561599731445
113,0.9276018099547512,26280,48.99127006530762,28200,5.324172973632812
114,0.9912434325744308,7120,52.18692779541016,7520,4.586925506591797
115,0.9758793969849247,13000,48.38030815124512,13960,4.187164306640625
116,1.0,15000,18.33671569824219,15000,18.23736190795898
117,1.0,31320,10.96536636352539,31320,10.97681045532227
118,0.7796610169491526,35760,214.0504741668701,43040,12.75574684143066
119,1.0,29640,25.69875717163086,29640,28.10323715209961
120,0.9985301322880941,24520,469.4083595275879,24760,7.289752960205078
121,0.870872641509434,48120,370.932035446167,65640,62.84571647644043
122,0.9582528957528957,22040,562.9127597808838,28960,7.976770401000977
123,0.9956563706563707,22040,464.9637222290039,22760,12.54283905029297
124,0.8897528464315468,47760,426.5894794464111,63640,82.73883819580078
125,0.7989161437535653,51560,753.5515975952148,79760,14.847412109375
126,1.0,164320,18.17187309265137,164320,19.04788970947266
127,0.9582528957528957,22040,512.8420734405518,28960,8.101081848144531
128,0.9956563706563707,22040,467.7762794494629,22760,12.57012367248535
129,0.9948625738505009,32080,560.1934814453125,32880,3.073444366455078
130,0.9948625738505009,32080,555.752477645874,32880,2.969074249267578
131,0.9985301322880941,24520,475.5481147766113,24760,7.252769470214844
132,0.9597007722007722,22040,525.7706356048584,28720,3.02271842956543
133,0.985381861575179,53720,248.8304424285889,55680,6.189203262329102
134,0.985381861575179,53720,264.9614429473877,55680,6.464567184448242
135,0.9979716024340771,43360,290.4328441619873,43640,32.62881278991699
136,0.9978858350951374,44960,175.0553226470947,45240,4.47880744934082
137,0.9263746505125815,110480,26.39060020446777,113640,11.42576217651367
138,0.9992406985573272,64040,79.65611457824707,64120,15.69131851196289
139,0.9979716024340771,43360,274.6550846099854,43640,32.04859733581543
140,0.9918429003021147,41000,187.2322368621826,42080,6.223039627075195
141,1.0,52720,129.6438503265381,52720,21.88851356506348
142,1.0,37120,215.1234436035156,37120,227.7298736572266
143,1.0,37120,220.9153079986572,37120,230.1759147644043
144,1.0,40000,313.7138748168945,40000,7.85365104675293
145,0.9979716024340771,43360,280.5694007873535,43640,32.0460033416748
146,1.0,50760,109.8250675201416,50760,18.63527297973633
147,1.0,37120,223.3509540557861,37120,235.0048351287842
148,1.0,37120,218.2752513885498,37120,222.4048805236816
149,1.0,37120,213.5639572143555,37120,225.9332370758057
150,1.0,13400,7.840843200683594,13400,1.496210098266602
151,1.0,13400,7.732601165771484,13400,1.485767364501953
152,0.9961028838659393,11680,9.866409301757812,11880,1.742839813232422
153,1.0,14200,5.061931610107422,14200,3.499002456665039
154,0.9430091185410334,10360,6.868114471435547,13360,1.339359283447266
155,1.0,19840,4.346723556518555,19840,3.184270858764648
156,0.9969418960244648,10680,9.142837524414062,10840,1.957035064697266
157,1.0,23680,7.328567504882812,23680,4.679155349731445
158,1.0,14640,7.097358703613281,14640,7.934408187866211
159,1.0,19840,4.380836486816406,19840,3.462200164794922
160,1.0,17200,7.339305877685547,17200,9.514961242675781
161,1.0,23320,5.650167465209961,23320,4.057798385620117
162,1.0,9280,13.09429168701172,9280,15.73944091796875
163,1.0,18440,6.9146728515625,18440,7.920770645141602
164,1.0,9400,7.678794860839844,9400,1.476316452026367
165,0.9897483690587139,5280,5.950803756713867,5720,1.452836990356445
166,0.9934354485776805,11640,7.072839736938477,11880,1.691007614135742
167,1.0,10880,5.75383186340332,10880,3.721809387207031
168,0.9216634429400387,6840,6.834754943847656,10080,1.662197113037109
169,1.0,16160,7.146511077880859,16160,4.070634841918945
170,0.9849137931034483,11080,11.22292518615723,11640,2.536687850952148
171,0.9939698492462311,8400,7.404890060424805,8640,2.187366485595703
172,0.9897483690587139,5280,5.765151977539062,5720,2.007560729980469
173,0.9956284153005465,11600,5.530672073364258,11760,1.409482955932617
174,0.9897483690587139,5280,5.860605239868164,5720,2.106122970581055
175,1.0,16400,6.638479232788086,16400,7.70564079284668
176,1.0,10880,5.689754486083984,10880,3.674793243408203
177,0.9939698492462311,8400,7.304353713989258,8640,2.175512313842773
178,0.9897483690587139,5280,6.040554046630859,5720,1.987476348876953
179,0.9897483690587139,5280,5.93052864074707,5720,2.063484191894531
180,1.0,15320,17.11567878723145,15320,3.135604858398438
181,1.0,12600,14.68852043151855,12600,2.650928497314453
182,1.0,24360,14.51316833496094,24360,17.9820728302002
183,0.9943589743589744,8800,16.04885101318359,9240,2.160196304321289
184,0.9943883277216611,11520,33.8038444519043,11920,2.257843017578125
185,1.0,9760,19.37896728515625,9760,3.905487060546875
186,1.0,12600,15.90824127197266,12600,1.376237869262695
187,1.0,12600,15.98875045776367,12600,1.392288208007812
188,1.0,27000,9.271526336669922,27000,12.46491432189941
189,0.9978779840848806,11400,21.78299903869629,11560,2.042160034179688
190,1.0,8480,17.57332801818848,8480,23.06479454040527
191,0.9943883277216611,11520,32.85300254821777,11920,2.223968505859375
192,1.0,13520,13.61295700073242,13520,2.679109573364258
193,1.0,15320,17.35621452331543,15320,3.100996017456055
194,1.0,15320,17.72704124450684,15320,2.989673614501953
195,1.0,7760,6.667079925537109,7760,2.064914703369141
196,0.9748283752860412,8040,5.641717910766602,8920,1.186189651489258
197,0.9978021978021978,6600,4.93931770324707,6680,2.52812385559082
198,0.9839486356340289,14080,4.387359619140625,14480,1.996641159057617
199,1.0,12680,4.206113815307617,12680,1.908683776855469
200,0.9839486356340289,14080,4.31208610534668,14480,1.830530166625977
201,1.0,9320,4.321918487548828,9320,1.666049957275391
202,0.9826946847960445,10640,2.632312774658203,11200,1.329450607299805
203,1.0,9320,3.835954666137695,9320,1.673040390014648
204,0.980561555075594,5960,4.769325256347656,6680,0.9271621704101562
205,1.0,22680,2.180442810058594,22680,2.935848236083984
206,1.0,17560,2.076282501220703,17560,2.901515960693359
207,1.0,10160,6.462192535400391,10160,4.26112174987793
208,1.0,20920,2.490329742431641,20920,3.393278121948242
209,1.0,9560,6.333045959472656,9560,7.395439147949219
210,1.0,17600,5.475683212280273,17600,6.646518707275391
211,1.0,16000,5.46391487121582,16000,7.068042755126953
212,1.0,12080,4.933834075927734,12080,1.759471893310547
213,1.0,13360,6.418237686157227,13360,2.301759719848633
214,1.0,13000,6.59571647644043,13000,10.02906799316406
215,1.0,13000,6.694507598876953,13000,8.283119201660156
216,1.0,18440,3.787202835083008,18440,5.249557495117188
217,1.0,15440,6.374149322509766,15440,6.404962539672852
218,1.0,13840,5.823078155517578,13840,1.648406982421875
219,1.0,21840,10.84939002990723,21840,4.578838348388672
220,1.0,13840,6.724405288696289,13840,2.459564208984375
221,1.0,16000,5.617122650146484,16000,6.880044937133789
222,1.0,8720,12.30771064758301,8720,17.31651306152344
223,1.0,9560,5.234909057617188,9560,1.984434127807617
224,1.0,13840,5.816049575805664,13840,3.443365097045898
225,1.0,2880,2.636394500732422,2880,1.691150665283203
226,0.9962335216572504,2760,1.901721954345703,2840,1.158885955810547
227,0.9959677419354839,4160,2.952957153320312,4240,1.19135856628418
228,1.0,2880,1.999082565307617,2880,0.8345222473144531
229,0.9962335216572504,2760,2.017440795898438,2840,1.05891227722168
230,0.9962335216572504,2760,1.926565170288086,2840,1.165246963500977
231,1.0,4560,1.768522262573242,4560,0.9274005889892578
232,0.9822616407982262,5960,1.86863899230957,6280,0.9724807739257812
233,1.0,2880,1.863002777099609,2880,0.8585643768310547
234,1.0,2880,2.040719985961914,2880,0.9095573425292969
235,1.0,2880,1.881675720214844,2880,0.7711696624755859
236,1.0,5400,1.904516220092773,5400,1.012325286865234
237,0.9949367088607595,8200,0.8664321899414062,8280,1.109867095947266
238,0.9959677419354839,4160,3.615236282348633,4240,1.547880172729492
239,1.0,2880,1.952199935913086,2880,0.8748054504394531
240,1.0,5920,7.129125595092773,5920,1.645641326904297
241,0.997610513739546,5520,5.926275253295898,5600,1.439085006713867
242,1.0,4320,5.980768203735352,4320,1.682319641113281
243,0.9882179675994109,11840,5.120649337768555,12160,2.291393280029297
244,0.9939759036144579,5800,5.979843139648438,6000,1.645450592041016
245,0.9407894736842105,8600,4.438724517822266,10400,1.646642684936523
246,0.9949174078780177,7520,4.843788146972656,7680,1.252727508544922
247,0.9169675090252708,5760,4.832191467285156,8520,1.358518600463867
248,0.9721739130434782,16000,8.750324249267578,16640,3.268642425537109
249,0.9826086956521739,11400,4.934682846069336,11880,2.312564849853516
250,1.0,19880,2.440118789672852,19880,5.271520614624023
251,0.9882179675994109,11840,5.139198303222656,12160,2.252998352050781
252,0.9775028121484814,3440,5.312480926513672,4240,2.123079299926758
253,0.9775028121484814,3440,5.100164413452148,4240,1.930198669433594
254,0.9775028121484814,3440,5.003366470336914,4240,1.940479278564453
255,0.9227738376674547,14640,86.96800231933594,18560,3.98468017578125
256,1.0,18120,29.48331832885742,18120,24.9458122253418
257,0.9969947407963937,12160,62.53312110900879,12320,1.891031265258789
258,0.9969947407963937,12160,61.59687995910645,12320,1.906318664550781
259,1.0,17560,35.74512481689453,17560,24.61685180664062
260,0.983402489626556,7560,45.00520706176758,8520,0.8432388305664062
261,1.0,11720,74.62345123291016,11720,1.247730255126953
262,0.983402489626556,7560,44.45171356201172,8520,0.8872413635253906
263,1.0,18520,18.35399627685547,18520,2.613925933837891
264,1.0,20040,91.28300666809082,20040,92.74288177490234
265,1.0,18520,17.71388053894043,18520,3.360328674316406
266,1.0,18520,18.54607582092285,18520,2.745647430419922
267,0.9969947407963937,12160,60.34357070922852,12320,1.932163238525391
268,0.9449081803005008,17480,35.53842544555664,20120,1.820125579833984
269,1.0,17040,39.82611656188965,17040,31.67612075805664
270,0.8781115879828326,14800,56.32451057434082,20480,13.8486385345459
271,1.0,14400,79.74821090698242,14400,2.961082458496094
272,1.0,14400,81.39884948730469,14400,3.383398056030273
273,1.0,26840,15.92779159545898,26840,7.325839996337891
274,0.8911685994647636,16560,307.9354095458984,21440,4.159793853759766
275,1.0,29480,13.91718864440918,29480,4.418239593505859
276,1.0,7520,107.9028797149658,7520,3.227434158325195
277,1.0,29480,13.75184059143066,29480,4.313678741455078
278,0.9876828329484219,9440,228.3901119232178,10080,28.19174766540527
279,0.9166666666666666,19160,90.32032012939453,22680,2.32243537902832
280,1.0,52440,1.321039199829102,52440,1.957836151123047
281,1.0,12720,179.7476482391357,12720,239.6065235137939
282,1.0,8400,131.8050384521484,8400,131.326322555542
283,0.9944700460829493,14000,50.07299423217773,14240,50.02520561218262
284,1.0,26840,15.7766056060791,26840,5.305919647216797
285,1.0,10920,34.69572067260742,10920,18.54636192321777
286,0.9706744868035191,15240,28.56616020202637,16840,4.867515563964844
287,1.0,19560,20.81048965454102,19560,11.75532341003418
288,1.0,19840,49.2707633972168,19840,2.625875473022461
289,1.0,25840,10.26971817016602,25840,7.386035919189453
290,1.0,16600,30.13976097106934,16600,2.000045776367188
291,0.8517191977077364,13960,13.67724418640137,22240,3.575325012207031
292,1.0,21000,13.6479663848877,21000,15.66851615905762
293,1.0,34120,14.47324752807617,34120,9.32948112487793
294,1.0,21000,13.86752128601074,21000,15.6548023223877
295,1.0,19040,59.85456466674805,19040,2.836999893188477
296,1.0,19840,51.08400344848633,19840,2.629833221435547
297,1.0,32720,14.23876762390137,32720,9.836969375610352
298,1.0,25840,10.4259204864502,25840,6.308078765869141
299,0.987389659520807,14360,45.69804191589355,15160,6.771154403686523
300,1.0,9280,38.15123558044434,9280,8.968849182128906
301,1.0,9280,39.43136215209961,9280,17.56237030029297
302,1.0,12120,35.64428329467773,12120,2.468633651733398
303,1.0,9280,40.05928039550781,9280,9.0069580078125
304,1.0,24760,26.82814598083496,24760,7.352724075317383
305,1.0,17400,22.1205997467041,17400,22.27008819580078
306,1.0,17400,27.26675033569336,17400,56.26944541931152
307,1.0,12200,55.52016258239746,12200,52.37259864807129
308,1.0,21840,16.54821395874023,21840,18.07196617126465
309,1.0,26360,25.37168502807617,26360,12.83344268798828
310,1.0,21840,17.85824775695801,21840,17.74432182312012
311,1.0,12200,53.709716796875,12200,59.41791534423828
312,1.0,70120,2.343082427978516,70120,3.579950332641602
313,1.0,26360,23.70120048522949,26360,13.31235885620117
314,0.8247678018575851,26400,102.4770450592041,37720,9.261045455932617
315,1.0,11720,7.495880126953125,11720,2.541322708129883
316,1.0,13560,6.051797866821289,13560,2.067556381225586
317,1.0,25920,10.47719955444336,25920,3.864202499389648
318,1.0,19760,10.93955993652344,19760,4.505243301391602
319,0.978328173374613,11720,5.708522796630859,12840,1.075763702392578
320,1.0,14040,11.04923248291016,14040,10.70302963256836
321,1.0,8120,12.17279434204102,8120,15.44496536254883
322,1.0,14040,8.72675895690918,14040,10.80351829528809
323,1.0,14120,5.998563766479492,14120,2.268161773681641
324,1.0,13560,6.186800003051758,13560,2.019481658935547
325,1.0,14040,8.520727157592773,14040,10.78152656555176
326,1.0,17600,3.873786926269531,17600,5.421886444091797
327,1.0,20760,6.772279739379883,20760,2.730436325073242
328,1.0,16920,5.582599639892578,16920,2.07244873046875
329,0.9968774395003903,12160,6.605768203735352,12320,1.611242294311523
330,1.0,12920,11.60579681396484,12920,1.009750366210938
331,1.0,8400,20.7857608795166,8400,1.51148796081543
332,1.0,9840,15.96447944641113,9840,2.301359176635742
333,1.0,10400,13.1962776184082,10400,1.31317138671875
334,1.0,12680,11.76380157470703,12680,1.071605682373047
335,0.9984662576687117,12440,14.53716278076172,12520,1.217155456542969
336,1.0,22240,30.05736351013184,22240,9.443473815917969
337,1.0,8400,20.3905200958252,8400,6.085472106933594
338,1.0,10400,12.71088600158691,10400,1.380681991577148
339,1.0,13440,19.24580574035645,13440,5.547523498535156
340,1.0,14040,19.92899894714355,14040,5.779285430908203
341,1.0,9320,34.31767463684082,9320,36.52395248413086
342,1.0,35280,3.113842010498047,35280,4.287195205688477
343,1.0,8400,19.46463584899902,8400,5.988969802856445
344,1.0,22240,29.73764419555664,22240,7.740564346313477
345,0.99581589958159,23640,20.94199180603027,23880,1.782045364379883
346,0.9788732394366197,24200,12.47096061706543,25400,2.183151245117188
347,0.9907834101382489,20240,19.14868354797363,20800,2.792997360229492
348,0.9907834101382489,20240,19.56459045410156,20800,2.791318893432617
349,0.9898028552005439,22160,29.3658447265625,22760,1.974687576293945
350,0.9957865168539326,24040,16.19516372680664,24280,3.458080291748047
351,0.9133034379671151,27480,10.89072227478027,32120,6.18896484375
352,0.9898819561551433,29560,10.97751617431641,30040,5.136203765869141
353,0.9957865168539326,24040,16.09715461730957,24280,3.248329162597656
354,0.9816700610997964,26080,16.67880058288574,27160,2.292079925537109
355,0.9978134110787172,26120,15.6895923614502,26240,3.332490921020508
356,1.0,30080,16.8224048614502,30080,3.245887756347656
357,0.9714285714285714,19400,25.40300369262695,21160,1.470279693603516
358,0.8865079365079365,26600,8.392524719238281,32320,4.902439117431641
359,1.0,28240,27.7082347869873,28240,30.08234977722168
360,1.0,10000,10.27912139892578,10000,1.993722915649414
361,1.0,5600,11.21515274047852,5600,2.455730438232422
362,1.0,14040,7.985687255859375,14040,1.373682022094727
363,1.0,10000,10.04528045654297,10000,1.964921951293945
364,1.0,10240,10.19887924194336,10240,1.251115798950195
365,1.0,5600,9.23396110534668,5600,2.478628158569336
366,1.0,10000,10.0947093963623,10000,1.944360733032227
367,1.0,7640,8.219728469848633,7640,1.650152206420898
368,1.0,5600,9.558277130126953,5600,2.463836669921875
369,1.0,10520,9.415006637573242,10520,1.858835220336914
370,1.0,6120,10.66628456115723,6120,2.811717987060547
371,1.0,6120,10.16276359558105,6120,2.768831253051758
372,1.0,6120,10.21827697753906,6120,3.079071044921875
373,1.0,6040,9.68515396118164,6040,14.22019958496094
374,1.0,33160,3.183355331420898,33160,4.408960342407227
375,1.0,19600,71.96876525878906,19600,5.264997482299805
376,1.0,19600,71.34708404541016,19600,21.09336853027344
377,0.9982227488151659,22680,71.62003517150879,22800,1.772365570068359
378,0.9964664310954063,22280,84.94843482971191,22520,2.133197784423828
379,0.997081144191477,21680,73.36804389953613,21880,1.324481964111328
380,1.0,23400,84.85053062438965,23400,1.42176628112793
381,1.0,19600,74.25891876220703,19600,21.10595703125
382,0.8018867924528301,30600,161.1137294769287,43200,6.577596664428711
383,0.992696287279367,24480,63.26019287109375,24960,1.645870208740234
384,0.997081144191477,21680,72.63748168945312,21880,1.224040985107422
385,1.0,21600,78.60595703125,21600,29.7385311126709
386,1.0,19600,73.07026863098145,19600,5.475482940673828
387,0.997081144191477,21680,82.12071418762207,21880,1.105594635009766
388,1.0,30160,69.71652030944824,30160,20.79840660095215
389,1.0,21600,78.17111015319824,21600,27.20324516296387
390,1.0,3760,1.838760375976562,3760,0.3774070739746094
391,1.0,3160,2.036314010620117,3160,0.4746055603027344
392,0.9939879759519038,2440,1.797599792480469,2560,0.4192733764648438
393,0.9913232104121475,3960,1.74891471862793,4120,0.4976272583007812
394,1.0,3760,1.865005493164062,3760,0.4078006744384766
395,0.9939879759519038,2440,1.881875991821289,2560,0.3913211822509766
396,1.0,2560,1.8841552734375,2560,2.835559844970703
397,1.0,7360,1.562204360961914,7360,2.175407409667969
398,1.0,3520,2.010211944580078,3520,0.6103515625
399,1.0,2560,2.002239227294922,2560,2.84520149230957
400,1.0,4520,1.592884063720703,4520,0.4540443420410156
401,1.0,3520,2.250795364379883,3520,0.6507205963134766
402,1.0,14600,1.546993255615234,14600,2.323122024536133
403,1.0,2440,2.021493911743164,2440,0.5650711059570312
404,1.0,4520,2.029447555541992,4520,0.6123542785644531
405,1.0,6640,21.94460868835449,6640,3.692874908447266
406,0.9760765550239234,9800,18.93455505371094,10800,1.424198150634766
407,1.0,9040,22.87299156188965,9040,1.175994873046875
408,1.0,12000,17.42413520812988,12000,18.41668128967285
409,0.9794392523364486,8800,34.14185523986816,9680,2.330513000488281
410,1.0,15040,20.10387420654297,15040,14.23091888427734
411,0.9944444444444445,8400,22.55616188049316,8640,0.9429645538330078
412,1.0,6640,22.36143112182617,6640,3.826675415039062
413,0.8438697318007663,13840,26.37355804443359,20360,2.464752197265625
414,1.0,9400,17.02263832092285,9400,1.403675079345703
415,1.0,14200,8.965206146240234,14200,8.53175163269043
416,0.9826498422712934,22240,13.0417537689209,22680,3.057079315185547
417,1.0,9400,18.18783760070801,9400,1.344356536865234
418,0.9977973568281938,15280,15.19952774047852,15360,2.926921844482422
419,1.0,8840,16.74799919128418,8840,1.489076614379883
420,0.9936708860759493,13680,9.445962905883789,13920,1.351394653320312
421,0.9904761904761905,9600,12.26003646850586,10000,1.476001739501953
422,1.0,12760,5.592737197875977,12760,2.122354507446289
423,1.0,14960,8.420677185058594,14960,1.395645141601562
424,1.0,7880,11.27979278564453,7880,2.149925231933594
425,1.0,10320,12.01716423034668,10320,5.389394760131836
426,1.0,18000,6.483316421508789,18000,2.13404655456543
427,0.9904761904761905,9600,12.72491455078125,10000,1.600437164306641
428,0.9937629937629937,13120,14.23912048339844,13360,1.997156143188477
429,0.9936708860759493,13680,9.742593765258789,13920,1.378726959228516
430,1.0,15760,8.577766418457031,15760,1.766567230224609
431,1.0,12240,9.075794219970703,12240,1.898927688598633
432,1.0,17240,7.415609359741211,17240,2.994804382324219
433,0.9937629937629937,13120,14.20363426208496,13360,1.875324249267578
434,1.0,20400,10.79235076904297,20400,4.039764404296875
435,0.9910895099230458,32240,100.1807117462158,33120,13.20615768432617
436,0.9995724668661822,37440,48.9035701751709,37480,7.971487045288086
437,1.0,32600,105.4798793792725,32600,3.008918762207031
438,0.9990937924784775,42720,36.41860008239746,42800,4.890956878662109
439,0.9959765910753475,29640,136.9237232208252,30080,7.811880111694336
440,0.9984662576687117,30680,144.2422485351562,30840,4.090633392333984
441,1.0,38000,48.5502815246582,38000,35.6682300567627
442,1.0,38400,79.83675003051758,38400,82.2163200378418
443,1.0,57600,33.92019271850586,57600,21.05178833007812
444,0.9959765910753475,29640,132.1866035461426,30080,8.04983139038086
445,0.9995724668661822,37440,49.34351921081543,37480,7.874727249145508
446,1.0,57600,31.53667449951172,57600,22.7220344543457
447,1.0,42680,44.42471504211426,42680,30.91376304626465
448,1.0,32320,113.3340358734131,32320,116.3831615447998
449,0.9774179804005113,33120,75.73328018188477,35240,8.395185470581055
450,0.9889415481832543,13960,14.86812591552734,14520,1.934833526611328
451,0.9913385826771653,13800,15.24323463439941,14240,1.81584358215332
452,0.9992181391712275,13440,25.39567947387695,13480,1.318082809448242
453,0.993127147766323,14040,12.216796875,14360,0.8726310729980469
454,0.9967663702506063,15120,14.25684928894043,15280,1.633634567260742
455,1.0,14080,13.60584259033203,14080,0.9899234771728516
456,0.995433789954338,12040,18.26008796691895,12280,1.087522506713867
457,0.995433789954338,12040,17.85331726074219,12280,1.035318374633789
458,0.9969348659003832,12400,17.4690055847168,12560,4.773082733154297
459,0.9638364779874213,13720,14.15395736694336,15560,1.988801956176758
460,0.995433789954338,12040,18.29997062683105,12280,1.061077117919922
461,0.9913385826771653,13800,15.63735961914062,14240,1.810922622680664
462,0.9913385826771653,13800,15.08055686950684,14240,1.864442825317383
463,1.0,14080,13.66708755493164,14080,0.9559154510498047
464,1.0,9760,15.8709716796875,9760,7.298603057861328
465,0.9989525139664804,56640,2194.475269317627,56760,18.28652381896973
466,0.9844444444444445,63200,1842.393560409546,64880,5.044355392456055
467,0.9910437478470547,63080,2606.646766662598,64120,6.05219841003418
468,0.9915474642392718,52160,1553.967885971069,53200,11.03426933288574
469,0.9875283446712018,61360,2550.525712966919,62680,13.88131141662598
470,0.9976615024846536,38360,3379.830484390259,38680,8.49452018737793
471,0.9961498074903745,52920,2757.432641983032,53360,20.84223747253418
472,1.0,100680,1973.456830978394,100680,2150.642004013062
473,0.9963724304715841,42880,3356.679725646973,43360,14.9989128112793
474,0.9969742813918305,43000,6864.880523681641,43400,17.5142765045166
475,0.9963713335349259,46920,4526.345643997192,47400,5.484838485717773
476,0.9841269841269842,83000,846.9503593444824,84400,5.771608352661133
477,0.9985384390529085,38360,3351.37791633606,38560,8.495759963989258
478,0.9963724304715841,42880,3124.093761444092,43360,14.9683952331543
479,0.9963713335349259,46920,3748.60764503479,47400,5.428962707519531
480,1.0,18680,140.3990459442139,18680,2.299909591674805
481,0.9934445768772348,22280,130.951452255249,22720,2.058353424072266
482,1.0,12200,213.9070892333984,12200,4.338521957397461
483,0.9984301412872841,12960,198.6174774169922,13080,4.338960647583008
484,0.9945017182130584,31200,89.96904373168945,31520,3.544120788574219
485,0.8641239570917759,22280,177.7098751068115,31400,3.05999755859375
486,0.8553864168618267,21080,280.0361156463623,30960,4.199314117431641
487,0.993127147766323,31200,82.97748565673828,31600,3.524913787841797
488,1.0,12200,214.9477100372314,12200,4.458799362182617
489,0.993127147766323,31200,84.0728759765625,31600,3.545560836791992
490,1.0,19080,148.9641571044922,19080,84.13299560546875
491,1.0,14440,163.0550003051758,14440,92.12739944458008
492,0.8179696616102684,20840,116.0167598724365,33320,2.481203079223633
493,1.0,17480,281.8093967437744,17480,141.8070030212402
494,0.9852941176470589,28280,97.6423168182373,29120,18.3031177520752
495,1.0,9240,48.75919342041016,9240,1.024150848388672
496,1.0,7000,56.1870002746582,7000,2.332515716552734
497,0.9987129987129987,16320,30.80802917480469,16360,2.054080963134766
498,0.9938398357289527,8440,109.1621589660645,8680,8.726768493652344
499,1.0,8640,37.54104614257812,8640,31.77871704101562
500,1.0,8640,36.73627853393555,8640,33.09070587158203
501,0.9805589307411907,14480,59.8532772064209,15120,1.824960708618164
502,1.0,9240,49.68820571899414,9240,0.8414840698242188
503,1.0,11280,45.08360862731934,11280,45.45271873474121
504,0.9988751406074241,11840,36.10392570495605,11880,2.209367752075195
505,0.996969696969697,7800,58.00527572631836,7920,0.8754348754882812
506,0.9959100204498977,8280,44.63099479675293,8440,0.8346843719482422
507,0.9979423868312757,8520,66.58736228942871,8600,0.9890365600585938
508,1.0,23440,1161.275396347046,23440,1146.078758239746
509,1.0,11560,45.78811645507812,11560,46.12212181091309
510,1.0,14280,14.62212562561035,14280,10.33965110778809
511,0.9694581280788177,11400,39.40899848937988,12640,0.9765625
512,0.9971590909090909,9760,50.31851768493652,9880,2.409086227416992
513,0.9928443649373881,7280,38.0045223236084,7600,1.182804107666016
514,0.9915572232645403,9360,45.80841064453125,9720,1.459827423095703
515,1.0,7680,43.49984169006348,7680,1.405515670776367
516,0.9967707212055974,14840,11.45912170410156,14960,8.546438217163086
517,0.9915572232645403,9360,46.56619071960449,9720,1.472606658935547
518,0.9980842911877394,10240,29.48907852172852,10320,25.28739929199219
519,0.9981308411214953,9200,33.818359375,9280,0.83251953125
520,0.9971590909090909,9760,47.82864570617676,9880,2.453594207763672
521,0.9971590909090909,9760,54.45011138916016,9880,2.393407821655273
522,0.9980842911877394,10240,31.91265106201172,10320,25.55462837219238
523,1.0,13840,31.22163772583008,13840,32.29628562927246
524,0.9971590909090909,9760,51.76775932312012,9880,2.406759262084961
525,1.0,12480,69.14003372192383,12480,1.734237670898438
526,1.0,31800,17.54555702209473,31800,4.337711334228516
527,1.0,18120,44.08363342285156,18120,1.601324081420898
528,1.0,9680,52.30940818786621,9680,3.119430541992188
529,0.9912490055688147,13120,42.02584266662598,13560,3.545045852661133
530,1.0,12320,79.01524543762207,12320,4.270362854003906
531,1.0,11920,41.79351806640625,11920,1.170682907104492
532,0.9945184025058731,12320,81.26311302185059,12600,3.986129760742188
533,1.0,12320,80.22353172302246,12320,4.071083068847656
534,1.0,9520,89.54729080200195,9520,46.51668548583984
535,0.9610802223987291,13040,48.47344398498535,15000,1.32939338684082
536,1.0,15120,38.26568603515625,15120,11.59255981445312
537,0.9912490055688147,13120,43.60015869140625,13560,3.712558746337891
538,1.0,9960,46.85407638549805,9960,45.22556304931641
539,0.9501246882793017,15280,26.11008644104004,17680,1.914005279541016
540,0.9474320241691843,28000,33.33575248718262,31480,3.114490509033203
541,1.0,32960,88.59151840209961,32960,3.322038650512695
542,0.992822966507177,27320,126.2295246124268,27800,4.104232788085938
543,0.9746166049709148,22560,74.63615417480469,24480,3.293924331665039
544,0.9919401266551525,28720,106.8254661560059,29280,2.266044616699219
545,0.968,23200,77.39840507507324,25600,1.745119094848633
546,0.9809348093480935,33160,54.19144630432129,34400,4.815397262573242
547,0.968,23200,77.62832641601562,25600,1.772232055664062
548,0.968,23200,78.1439208984375,25600,1.754236221313477
549,0.992822966507177,27320,125.9961605072021,27800,4.10304069519043
550,0.9598912304554724,35360,25.64815521240234,37720,3.443603515625
551,1.0,28680,18.65019798278809,28680,21.7304801940918
552,0.9746166049709148,22560,74.43975448608398,24480,3.259363174438477
553,1.0,28040,94.99872207641602,28040,96.95819854736328
554,1.0,28680,18.68612289428711,28680,20.9999942779541
555,1.0,6240,33.42232704162598,6240,3.861551284790039
556,1.0,6600,35.57944297790527,6600,2.144880294799805
557,0.9745928338762215,5600,32.76907920837402,7160,2.728281021118164
558,1.0,16680,30.98649024963379,16680,3.404884338378906
559,1.0,13720,70.4538345336914,13720,3.422174453735352
560,1.0,8000,32.00230598449707,8000,7.318363189697266
561,1.0,6600,35.15952110290527,6600,2.117471694946289
562,0.9993364299933643,6720,38.48382949829102,6760,4.492282867431641
563,1.0,14520,55.34279823303223,14520,3.929195404052734
564,1.0,13240,28.20019721984863,13240,3.592996597290039
565,1.0,6600,36.4361572265625,6600,2.112369537353516
566,0.998546511627907,11960,31.59563064575195,12040,4.528484344482422
567,1.0,8000,37.72247314453125,8000,5.979280471801758
568,0.9993174061433447,8400,52.7678394317627,8440,1.672706604003906
569,0.9993364299933643,6720,31.47007942199707,6760,4.871721267700195
570,0.984297520661157,22200,112.579402923584,23720,3.523235321044922
571,0.9851239669421488,22200,111.1516761779785,23640,3.548593521118164
572,0.998539435248296,36840,36.61360740661621,36960,5.713920593261719
573,0.9991273996509599,27320,56.08476638793945,27400,6.949710845947266
574,0.9870401337792643,23320,218.2972049713135,24560,4.642724990844727
575,0.9899799599198397,19200,169.2762756347656,20200,4.028186798095703
576,0.9616,19000,70.85612297058105,22840,3.115482330322266
577,0.9991273996509599,27320,54.44980621337891,27400,6.997756958007812
578,0.9986678507992895,28920,59.62047576904297,29040,7.067441940307617
579,0.9337526205450734,23600,134.2708492279053,29920,22.0606517791748
580,0.9891783567134269,19200,164.2773628234863,20280,3.943910598754883
581,0.9899799599198397,19200,168.025951385498,20200,3.976163864135742
582,0.985594237695078,19040,156.0857200622559,20480,23.38683128356934
583,0.974233673922701,28960,185.3343105316162,31280,31.98519706726074
584,0.9805249788314987,24520,108.3914852142334,26360,2.868633270263672
585,1.0,7800,1.930484771728516,7800,1.045007705688477
586,1.0,6960,3.537359237670898,6960,0.3925228118896484
587,1.0,9000,2.068691253662109,9000,1.001911163330078
588,1.0,6720,2.085628509521484,6720,1.189756393432617
589,0.9867109634551495,6720,4.535770416259766,7040,1.084890365600586
590,1.0,7240,3.470363616943359,7240,0.5079936981201172
591,1.0,5800,2.660446166992188,5800,0.6022453308105469
592,1.0,6120,4.074392318725586,6120,0.55694580078125
593,1.0,9000,1.995115280151367,9000,0.98297119140625
594,1.0,6920,4.311037063598633,6920,0.6827259063720703
595,1.0,18120,37.01891899108887,18120,40.34224510192871
596,1.0,6040,4.056320190429688,6040,0.4672431945800781
597,1.0,7040,4.420604705810547,7040,0.8631610870361328
598,0.9867109634551495,6720,4.586477279663086,7040,0.9893608093261719
599,1.0,8960,3.721599578857422,8960,4.72020149230957
600,1.0,10960,11.5728759765625,10960,2.177963256835938
601,1.0,6440,9.672813415527344,6440,2.523441314697266
602,1.0,12400,8.386249542236328,12400,2.314157485961914
603,1.0,10960,11.4158821105957,10960,2.12615966796875
604,1.0,18080,8.653640747070312,18080,2.174406051635742
605,1.0,9200,8.538398742675781,9200,1.73731803894043
606,1.0,6120,8.687753677368164,6120,1.586999893188477
607,1.0,8480,7.494907379150391,8480,0.7895660400390625
608,1.0,10240,6.730632781982422,10240,1.200838088989258
609,1.0,7280,10.90143203735352,7280,1.782350540161133
610,1.0,14040,29.6992301940918,14040,114.2863750457764
611,1.0,12840,7.634954452514648,12840,1.483325958251953
612,1.0,15080,14.23051834106445,15080,17.25212097167969
613,0.9978021978021978,8000,12.06884384155273,8080,0.9407997131347656
614,1.0,23320,3.109683990478516,23320,3.920392990112305
615,0.9968203497615262,18080,75.53336143493652,18240,3.195247650146484
616,0.994017094017094,21600,56.35116577148438,21880,1.899795532226562
617,0.9912126537785588,22880,57.67327308654785,23280,3.041791915893555
618,0.9913194444444444,22320,63.30940246582031,22720,3.011112213134766
619,1.0,21400,68.11763763427734,21400,1.124553680419922
620,0.9702886247877759,21280,94.84535217285156,22680,5.54203987121582
621,0.9968228752978554,18040,134.7060012817383,18200,9.856796264648438
622,0.9574257425742574,28000,54.00540351867676,29720,6.203479766845703
623,1.0,22240,56.37127876281738,22240,2.63880729675293
624,0.9968203497615262,18080,76.58644676208496,18240,3.190717697143555
625,0.9875104079933389,20360,92.97028541564941,20960,1.340351104736328
626,0.9719626168224299,25600,50.70176124572754,26800,6.679201126098633
627,1.0,22800,61.14768028259277,22800,2.717075347900391
628,0.9866666666666667,26400,31.32539749145508,26960,4.551486968994141
629,0.8709386281588447,24080,32.68760681152344,29800,4.08839225769043
630,1.0,28320,117.079610824585,28320,3.548440933227539
631,0.9393939393939394,28640,217.8455924987793,32480,4.567079544067383
632,1.0,25000,136.6583251953125,25000,3.824195861816406
633,0.9868043602983362,22280,85.65132141113281,23200,3.484153747558594
634,1.0,28320,117.6735305786133,28320,3.597087860107422
635,0.9497882637628554,25880,54.0083122253418,29200,2.745895385742188
636,0.8782051282051282,23360,185.3429222106934,31720,8.03384780883789
637,0.9393939393939394,28640,224.5925998687744,32480,4.504032135009766
638,0.9789189189189189,18000,194.0705108642578,19560,1.658926010131836
639,1.0,28320,115.1961231231689,28320,3.531675338745117
640,0.9966978536048432,19320,265.9888458251953,19560,13.23528289794922
641,0.9789189189189189,18000,188.1595611572266,19560,1.730251312255859
642,1.0,25000,131.7693519592285,25000,3.878679275512695
643,1.0,25000,136.8808460235596,25000,3.870563507080078
644,0.9789189189189189,18000,188.2731914520264,19560,1.66935920715332
645,1.0,11200,147.7155208587646,11200,4.054832458496094
646,1.0,11200,141.6824436187744,11200,4.078359603881836
647,1.0,22480,123.0518054962158,22480,2.57420539855957
648,1.0,21440,206.6293239593506,21440,30.77380180358887
649,1.0,11200,149.3154048919678,11200,4.023761749267578
650,1.0,22480,118.3336353302002,22480,2.58732795715332
651,1.0,10480,159.9798774719238,10480,3.680877685546875
652,1.0,45480,7.180194854736328,45480,7.601795196533203
653,1.0,10480,155.7402420043945,10480,3.657588958740234
654,1.0,21440,178.4902000427246,21440,29.80352401733398
655,1.0,34040,21.09627723693848,34040,4.31096076965332
656,1.0,45480,7.036514282226562,45480,7.613277435302734
657,0.8239130434782609,18000,81.66567802429199,27720,2.325477600097656
658,1.0,22480,119.8832416534424,22480,2.607231140136719
659,1.0,28080,27.51520156860352,28080,27.335205078125
660,1.0,10480,3.979272842407227,10480,2.165069580078125
661,1.0,12040,3.115243911743164,12040,1.555442810058594
662,1.0,11040,3.679323196411133,11040,1.669349670410156
663,0.9866332497911445,8320,3.380603790283203,8960,0.7268905639648438
664,1.0,8800,3.651361465454102,8800,1.738882064819336
665,1.0,7960,3.977117538452148,7960,0.8295154571533203
666,1.0,11040,3.662757873535156,11040,1.662721633911133
667,1.0,17320,4.740791320800781,17320,1.942520141601562
668,1.0,7120,4.368600845336914,7120,1.934328079223633
669,1.0,16000,3.695640563964844,16000,5.302925109863281
670,1.0,8040,4.834146499633789,8040,6.507396697998047
671,1.0,7120,4.31340217590332,7120,2.028636932373047
672,1.0,16280,3.275442123413086,16280,6.502285003662109
673,1.0,7120,4.24839973449707,7120,1.912078857421875
674,1.0,17320,4.369287490844727,17320,1.940279006958008
675,0.991701244813278,10800,82.38831520080566,11200,7.232837677001953
676,1.0,10800,56.60784721374512,10800,1.044797897338867
677,1.0,11240,52.61656761169434,11240,54.73408699035645
678,1.0,11800,51.5234375,11800,50.23171424865723
679,1.0,9280,55.12880325317383,9280,0.9958076477050781
680,0.9865824782951855,8320,70.2088451385498,9000,0.998077392578125
681,1.0,11280,60.1213264465332,11280,35.89443206787109
682,0.991701244813278,10800,80.81536293029785,11200,8.178119659423828
683,0.9865824782951855,8320,68.02432060241699,9000,1.033878326416016
684,0.9865824782951855,8320,74.190673828125,9000,1.211318969726562
685,1.0,18840,41.73469543457031,18840,34.26956176757812
686,1.0,7840,69.00952339172363,7840,4.311313629150391
687,1.0,17120,89.45735931396484,17120,77.92315483093262
688,1.0,18600,26.7893123626709,18600,24.89856719970703
689,1.0,10800,57.11323738098145,10800,0.9843540191650391
690,1.0,19320,23.54104042053223,19320,3.0780029296875
691,1.0,19600,21.50527954101562,19600,26.6398811340332
692,1.0,11000,26.68036460876465,11000,2.304201126098633
693,1.0,14080,59.949951171875,14080,3.692245483398438
694,0.9738334060183166,8880,24.73711013793945,11280,1.671409606933594
695,1.0,19160,23.35563659667969,19160,4.489517211914062
696,1.0,11280,41.68099403381348,11280,3.676156997680664
697,1.0,16320,21.24411582946777,16320,3.220195770263672
698,1.0,23960,26.58788681030273,23960,5.715789794921875
699,1.0,9960,25.4107666015625,9960,28.25451850891113
700,1.0,17920,17.51031875610352,17920,21.3886833190918
701,0.9738334060183166,8880,25.83067893981934,11280,1.650924682617188
702,1.0,19160,22.10159301757812,19160,4.500675201416016
703,1.0,11280,41.3530445098877,11280,3.673877716064453
704,1.0,11000,25.90327262878418,11000,2.274436950683594
705,0.9865430622009569,32240,375.3207969665527,34040,5.429439544677734
706,0.9701327433628318,53520,76.01760864257812,56760,7.678842544555664
707,0.9923558026407228,46880,208.3332347869873,47760,6.456794738769531
708,0.9988452655889145,31440,517.9604053497314,31600,24.55391883850098
709,0.9988452655889145,31440,527.3625946044922,31600,23.07151794433594
710,1.0,31400,342.7942657470703,31400,5.311050415039062
711,1.0,42360,224.7528076171875,42360,228.8863182067871
712,1.0,36200,407.2237968444824,36200,415.9753227233887
713,0.9904306220095693,44960,230.0487995147705,46080,20.01144409179688
714,0.9459108610990913,61560,64.88911628723145,66560,7.653751373291016
715,0.9865921787709497,58600,90.42932510375977,60040,6.298589706420898
716,1.0,31400,331.4242362976074,31400,5.305929183959961
717,0.9876582278481013,43600,356.8076515197754,45160,5.525035858154297
718,0.9943875866622648,40840,147.6220035552979,41520,12.5688362121582
719,0.9931176875430144,49760,106.5394020080566,50560,9.723920822143555
720,0.9974580579562786,23320,357.0981597900391,23520,2.006568908691406
721,0.9947418738049714,18320,715.8968830108643,18760,12.33136177062988
722,0.9871451526513123,27320,211.2829208374023,28280,9.626293182373047
723,0.987192118226601,20800,497.3457527160645,21840,2.93147087097168
724,0.987192118226601,20800,489.8598384857178,21840,4.742240905761719
725,0.987192118226601,20800,498.5228729248047,21840,2.997913360595703
726,0.9740740740740741,26400,174.6506404876709,28360,7.242641448974609
727,1.0,23600,324.522876739502,23600,1.661109924316406
728,0.9989506820566632,25760,305.0108814239502,25840,4.067239761352539
729,0.9833491912464319,29920,621.3078784942627,31320,17.64881134033203
730,0.9985734664764622,17880,387.3152351379395,18000,4.356088638305664
731,0.9943149516770893,31640,274.1621589660645,32040,3.251237869262695
732,0.9947418738049714,18320,714.8300075531006,18760,12.0720100402832
733,1.0,23600,336.0938453674316,23600,1.667041778564453
734,0.9869646182495344,33560,132.22412109375,34400,19.65916633605957
735,0.9973544973544973,28600,31.81623458862305,28800,2.977685928344727
736,0.9806451612903225,21400,25.17067909240723,23080,1.356048583984375
737,0.9981949458483754,27560,63.46115112304688,27720,5.570030212402344
738,0.9989281886387996,29560,33.78512382507324,29640,3.241643905639648
739,1.0,21320,37.78167724609375,21320,3.294239044189453
740,1.0,21320,48.20068359375,21320,7.047805786132812
741,0.9962962962962963,21800,42.36888885498047,22120,1.771392822265625
742,1.0,27640,33.45191955566406,27640,5.578641891479492
743,1.0,21320,37.11260795593262,21320,3.376121520996094
744,1.0,29360,42.89864540100098,29360,14.73072052001953
745,0.9977129788450543,34240,27.67536163330078,34400,3.316287994384766
746,1.0,23880,54.80607986450195,23880,57.90111541748047
747,1.0,17160,41.58877372741699,17160,6.628875732421875
748,0.9835739173718268,23840,22.53756523132324,25160,3.622837066650391
749,0.9968181818181818,24200,64.23432350158691,24480,7.323760986328125
750,1.0,6400,7.208795547485352,6400,0.9252452850341797
751,0.99265605875153,9520,9.343528747558594,9760,1.473636627197266
752,0.9972027972027973,13600,6.785964965820312,13680,4.558677673339844
753,0.9832335329341317,8800,6.332683563232422,9360,1.197996139526367
754,1.0,6880,7.925949096679688,6880,1.726093292236328
755,0.9915458937198067,9080,7.08399772644043,9360,1.058120727539062
756,1.0,7720,7.726640701293945,7720,2.411203384399414
757,0.998805256869773,8720,8.129358291625977,8760,3.05903434753418
758,1.0,16560,6.070003509521484,16560,4.081792831420898
759,0.9922394678492239,6120,7.208118438720703,6400,1.071968078613281
760,0.984,12200,4.676513671875,12680,1.128883361816406
761,0.9922394678492239,6120,6.268835067749023,6400,1.382570266723633
762,1.0,9000,5.047445297241211,9000,1.355113983154297
763,0.984,12200,4.548683166503906,12680,1.213445663452148
764,1.0,6880,8.166236877441406,6880,1.783790588378906
765,0.9872084273890143,32240,32.2878360748291,32920,8.605794906616211
766,0.9988351776354106,16720,68.7704086303711,16800,0.9548759460449219
767,0.9905381431105854,17760,78.12065124511719,18400,3.020839691162109
768,0.9993722536095417,21680,51.18775367736816,21720,2.242717742919922
769,0.9946236559139785,18440,93.28436851501465,18800,2.595758438110352
770,1.0,16160,69.69748497009277,16160,1.135196685791016
771,1.0,15040,63.46688270568848,15040,4.18095588684082
772,0.9946236559139785,18440,92.1965503692627,18800,2.633113861083984
773,1.0,16200,64.29915428161621,16200,2.949562072753906
774,1.0,19240,116.9541645050049,19240,13.03839683532715
775,1.0,16200,65.13232231140137,16200,3.060083389282227
776,1.0,15040,64.61840629577637,15040,3.814802169799805
777,0.9887570268582137,21360,83.1454849243164,22080,5.565767288208008
778,0.9803688280785247,18160,50.1854419708252,19480,1.105918884277344
779,1.0,16160,72.33317375183105,16160,1.169672012329102
780,0.9939950547509714,24360,7843.391828536987,25040,4.164915084838867
781,0.9812981298129813,64880,248.8701248168945,66240,14.59507942199707
782,0.9896219421793921,29680,2743.584394454956,30800,2.878046035766602
783,0.9899516189058429,30120,5145.41675567627,31200,5.256404876708984
784,1.0,29240,1609.511089324951,29240,5.085439682006836
785,1.0,28600,10907.54912376404,28600,10.08519172668457
786,0.9906422798809017,43560,389.8912811279297,44440,11.19139671325684
787,0.9847539847539848,22160,4823.285398483276,23920,3.849639892578125
788,0.9762641898864809,21320,4759.509086608887,24080,29.73752021789551
789,1.0,42840,2365.380573272705,42840,198.3910655975342
790,1.0,29720,6161.469478607178,29720,10.87607383728027
791,0.9992695398100804,28080,3578.081798553467,28160,3.409481048583984
792,0.9935261113508848,44920,1122.36291885376,45520,20.46284675598145
793,1.0,34800,776.5208435058594,34800,12.76700019836426
794,0.9896219421793921,29680,2685.453720092773,30800,2.757835388183594
795,0.9971394517282479,45200,11201.07844352722,45680,12.93948173522949
796,1.0,58120,5277.732238769531,58120,5.532283782958984
797,0.9968354430379747,32040,5074.20449256897,32600,13.12191009521484
798,1.0,60320,4892.496242523193,60320,5.492753982543945
799,0.9756944444444444,47720,4375.638008117676,51640,5.754842758178711
800,0.9971394517282479,45200,10987.07847595215,45680,13.00984382629395
801,0.9971394517282479,45200,10915.65263748169,45680,12.82631874084473
802,0.9971394517282479,45200,11067.40364074707,45680,12.6451587677002
803,0.9949529708648772,38640,14441.69411659241,39520,10.53651809692383
804,1.0,40640,7616.146907806396,40640,49.0831184387207
805,1.0,69440,3149.005994796753,69440,28.40144157409668
806,1.0,60320,4834.440250396729,60320,5.439472198486328
807,0.9915656299420137,53240,904.6844387054443,54520,6.091165542602539
808,0.9971394517282479,45200,11029.21748161316,45680,13.22136878967285
809,1.0,58120,5331.270723342896,58120,5.643157958984375
810,0.9978130125751777,74440,60.84147453308105,74600,9.02735710144043
811,0.9926030292356464,34040,217.8159618377686,34880,13.78671646118164
812,0.8073943661971831,30000,106.0054779052734,51880,4.682636260986328
813,1.0,25520,148.4085655212402,25520,150.6898307800293
814,0.9941368078175896,28800,146.5857601165771,29520,6.677360534667969
815,0.8073943661971831,30000,107.4403190612793,51880,4.992923736572266
816,0.8073943661971831,30000,110.6687259674072,51880,4.94420051574707
817,0.9989251164457184,35960,123.1784439086914,36080,6.86279296875
818,0.9807632640397146,18680,190.7159996032715,21160,5.45964241027832
819,0.9756929637526652,49800,107.0764827728271,52080,6.708555221557617
820,0.9941368078175896,24800,158.0058002471924,25520,1.892967224121094
821,1.0,102360,23.07867050170898,102360,10.92923164367676
822,0.9903100775193798,23760,178.3673191070557,24960,2.166957855224609
823,0.9903100775193798,23760,185.8881950378418,24960,2.360725402832031
824,0.9807632640397146,18680,198.3806896209717,21160,5.578432083129883
825,0.987152034261242,3720,4.422435760498047,3960,1.946516036987305
826,1.0,3120,4.863996505737305,3120,0.4765129089355469
827,1.0,4720,3.795452117919922,4720,4.547958374023438
828,1.0,5080,4.474964141845703,5080,0.7126045227050781
829,1.0,5280,2.696399688720703,5280,0.5978488922119141
830,0.9977924944812362,4280,7.641639709472656,4320,0.8074283599853516
831,1.0,3920,7.238435745239258,3920,0.7239151000976562
832,1.0,4520,4.413204193115234,4520,0.7503700256347656
833,0.9977924944812362,4280,5.712766647338867,4320,0.5847930908203125
834,0.9938144329896907,3000,4.784393310546875,3120,0.60455322265625
835,0.9938144329896907,3000,4.433078765869141,3120,0.5718040466308594
836,1.0,2480,2.646722793579102,2480,2.064685821533203
837,1.0,5080,4.209508895874023,5080,0.704193115234375
838,1.0,3120,4.480447769165039,3120,0.4612827301025391
839,0.9977220956719818,4840,4.899835586547852,4880,0.9400844573974609
840,0.9753032928942807,45880,80.09639739990234,48160,5.797119140625
841,0.9731656184486374,42800,89.79887962341309,45360,8.107767105102539
842,0.9922732818218788,35840,90.4471492767334,36600,7.191400527954102
843,0.9922732818218788,35840,88.61181259155273,36600,7.309198379516602
844,1.0,27440,121.8416309356689,27440,2.779760360717773
845,0.9992647058823529,25400,122.478084564209,25480,5.817356109619141
846,0.9931538110451849,42560,82.71420478820801,43160,6.26439094543457
847,0.990596892886345,32360,112.2265625,33280,5.544719696044922
848,0.9880412371134021,33200,69.27675247192383,34360,2.804241180419922
849,0.9880412371134021,33200,70.1313591003418,34360,2.904672622680664
850,0.9574574574574575,46280,54.09076690673828,49680,4.45831298828125
851,0.999626307922272,27160,118.5915279388428,27200,8.062191009521484
852,0.9984520123839009,30840,196.718635559082,31000,3.372154235839844
853,0.9849266164220547,37360,148.9322757720947,38880,6.384563446044922
854,0.9937015503875969,39640,49.9714469909668,40160,12.85664558410645
855,1.0,5440,28.28800201416016,5440,0.8361244201660156
856,1.0,7480,15.8590030670166,7480,0.5548381805419922
857,0.9899135446685879,5440,27.83638954162598,5720,0.8842086791992188
858,0.9899135446685879,5440,29.38028335571289,5720,0.8272075653076172
859,0.9931972789115646,9680,17.3554801940918,9840,0.9417152404785156
860,0.9726688102893891,8320,4.399003982543945,9000,0.6309604644775391
861,0.9900709219858156,5000,20.83408355712891,5280,2.658042907714844
862,0.9985315712187959,5960,13.48371505737305,6000,0.6687259674072266
863,1.0,5280,19.36623573303223,5280,1.112804412841797
864,0.9865470852017937,6440,7.380161285400391,6800,0.4553604125976562
865,0.9939759036144579,6640,6.501684188842773,6800,0.4762363433837891
866,0.9789621318373072,4680,18.6732006072998,5280,1.157407760620117
867,0.983433734939759,6640,6.418962478637695,7080,0.4832363128662109
868,0.9907407407407407,7280,15.50020217895508,7520,1.048030853271484
869,0.9805194805194806,8560,5.504245758056641,9040,0.5790805816650391
870,0.9987751102400784,73920,4182.325553894043,74120,7.751922607421875
871,0.9873493975903614,100400,1937.175521850586,102080,16.52779579162598
872,0.9716619862139393,76520,1835.945434570312,80960,5.036525726318359
873,0.9873493975903614,100400,1913.344078063965,102080,17.10204124450684
874,0.9992405063291139,83200,4800.996723175049,83320,36.87272071838379
875,0.9965287049399199,83400,1558.284358978271,83920,15.9794807434082
876,0.9522563767168084,102880,1511.911153793335,108720,24.15964126586914
877,0.9893048128342246,80120,2461.99556350708,81800,5.400199890136719
878,0.9893048128342246,80120,2459.224720001221,81800,5.732717514038086
879,0.9995289684408856,71360,9768.747072219849,71440,245.5177879333496
880,0.9995289684408856,71360,9806.405124664307,71440,248.3888339996338
881,0.9962039045553145,93680,6236.470994949341,94240,8.272476196289062
882,0.9992405063291139,83200,4772.070207595825,83320,37.66871452331543
883,0.9893048128342246,80120,2443.932237625122,81800,5.512113571166992
884,0.9893048128342246,80120,2452.116041183472,81800,5.441761016845703
885,1.0,17600,8.625116348266602,17600,1.848163604736328
886,1.0,9720,10.75024604797363,9720,1.01527214050293
887,1.0,8640,10.16820907592773,8640,2.144317626953125
888,1.0,10360,7.559728622436523,10360,1.186800003051758
889,1.0,14280,9.648475646972656,14280,2.520790100097656
890,1.0,11400,13.32228660583496,11400,1.386089324951172
891,1.0,21400,5.306997299194336,21400,8.734207153320312
892,1.0,9720,10.56424140930176,9720,1.015748977661133
893,1.0,14840,8.125,14840,1.760845184326172
894,1.0,10280,12.33852386474609,10280,2.014837265014648
895,1.0,17760,5.230998992919922,17760,6.735763549804688
896,1.0,10000,12.64883041381836,10000,4.618873596191406
897,0.9973118279569892,12440,10.8211612701416,12520,5.97224235534668
898,1.0,21400,5.228233337402344,21400,7.107563018798828
899,1.0,21400,5.145845413208008,21400,7.336645126342773
900,1.0,10440,59.93095397949219,10440,1.391086578369141
901,1.0,10440,57.39903450012207,10440,1.447162628173828
902,0.9962640099626401,9680,85.13511657714844,9800,3.574991226196289
903,1.0,8560,57.15825080871582,8560,1.819753646850586
904,0.9367741935483871,10800,32.50994682312012,12760,2.07183837890625
905,0.9962640099626401,9680,85.23568153381348,9800,3.574047088623047
906,0.9367741935483871,10800,31.55344009399414,12760,2.136554718017578
907,0.9943582510578279,13440,19.57887649536133,13600,1.751317977905273
908,1.0,11880,43.84832382202148,11880,5.40959358215332
909,0.9593639575971732,19160,9.380044937133789,20080,1.69337272644043
910,1.0,10400,63.74112129211426,10400,1.109724044799805
911,1.0,9320,66.39787673950195,9320,1.254396438598633
912,1.0,11880,44.24817085266113,11880,5.388879776000977
913,0.9775132275132276,11560,35.11176109313965,12240,1.324920654296875
914,1.0,12760,87.39203453063965,12760,6.866970062255859
915,0.9852051109616677,18840,168.2667922973633,20600,3.416166305541992
916,0.9905288082083662,36440,132.2534847259521,37400,45.73256492614746
917,0.9890023566378633,35960,136.7406368255615,37080,48.50399971008301
918,0.9985500241662639,55040,40.03660202026367,55160,8.968963623046875
919,0.9890023566378633,35960,135.7540321350098,37080,46.18867874145508
920,0.9852051109616677,18840,165.6602764129639,20600,3.614873886108398
921,0.9985500241662639,55040,39.46235656738281,55160,9.336404800415039
922,0.9890023566378633,35960,136.8265628814697,37080,46.82783126831055
923,0.9964788732394366,24200,187.3128414154053,24600,9.508838653564453
924,0.9898408398239079,19680,179.1536712646484,20880,3.514556884765625
925,0.9935109289617486,20680,165.8130359649658,21440,36.19187355041504
926,0.9996212121212121,32200,95.84676742553711,32240,5.746316909790039
927,0.9935532802427001,32320,106.2951183319092,33000,6.524562835693359
928,0.9935109289617486,20680,165.7100391387939,21440,35.53095817565918
929,0.9849332759362893,40880,110.8337116241455,42280,27.68734931945801
930,0.8900667451904201,33920,114.7926044464111,45120,7.7734375
931,1.0,15960,101.5832042694092,15960,7.152204513549805
932,0.9991836734693877,33800,78.82135391235352,33880,7.054042816162109
933,0.8058252427184466,28920,89.99876022338867,48120,4.867877960205078
934,0.8840523882896765,31960,194.4603252410889,44000,8.376474380493164
935,0.8840523882896765,31960,191.0454845428467,44000,8.051519393920898
936,0.9985433357611071,21960,72.19772338867188,22120,2.13963508605957
937,0.9326465927099842,30840,126.0872745513916,37640,3.253679275512695
938,1.0,15960,98.35643768310547,15960,7.491321563720703
939,0.9852216748768473,18120,100.7974433898926,19800,2.522106170654297
940,0.9668508287292817,15960,104.6490001678467,19800,7.079839706420898
941,0.9892318736539842,20360,77.55444526672363,21560,1.316404342651367
942,0.9830298013245033,35160,65.31656265258789,36800,5.848760604858398
943,0.9985433357611071,21960,71.24792098999023,22120,2.367038726806641
944,1.0,21840,74.66788291931152,21840,2.334051132202148
945,0.9787398531117124,49520,248.5970020294189,51720,7.033329010009766
946,0.9981426448736999,49320,585.1330852508545,49520,5.353240966796875
947,0.9497678345293372,58240,251.2349987030029,63000,3.548917770385742
948,0.9613583138173302,46520,356.9599342346191,50480,2.868118286132812
949,0.9479983491539414,56080,906.6120052337646,61120,5.776882171630859
950,0.9981426448736999,49320,588.4058380126953,49520,7.473993301391602
951,0.9845303867403314,44400,516.8708801269531,46080,2.904596328735352
952,0.9615235134084726,58080,427.1896457672119,62040,15.2912712097168
953,0.9941154836336888,44240,516.5914440155029,44880,12.01125144958496
954,0.9786014520443256,48320,396.2492656707764,50560,3.089761734008789
955,0.9762931034482759,60200,308.8885593414307,62400,4.831638336181641
956,0.9918608953015169,44880,853.9803886413574,45760,11.29055976867676
957,0.9845303867403314,44400,515.2956771850586,46080,2.781839370727539
958,0.9932378679395386,52440,205.8937740325928,53120,5.709514617919922
959,0.9930015552099534,50120,402.6879692077637,50840,8.210468292236328
960,0.9990671641791045,63960,321.1509227752686,64080,6.108837127685547
961,0.9908749329039184,43560,832.7925109863281,44920,5.597047805786133
962,0.9539319248826291,56280,645.084810256958,62560,16.34659767150879
963,1.0,39760,435.2093601226807,39760,2.783241271972656
964,0.9997190221972464,50240,395.0077152252197,50280,6.801595687866211
965,0.9918233851185609,45840,459.8037528991699,47040,5.121841430664062
966,0.9997190221972464,50240,394.6453952789307,50280,6.509084701538086
967,0.9874937468734367,32680,679.1299629211426,34680,5.856361389160156
968,0.9980408620207109,49680,372.7292060852051,49960,9.799489974975586
969,0.9874937468734367,32680,698.177080154419,34680,5.812044143676758
970,1.0,64720,326.0372734069824,64720,293.9830493927002
971,0.9994747899159664,40280,838.982400894165,40360,16.80792808532715
972,0.9841565703634669,106760,116.8537616729736,108120,16.86343193054199
973,0.9997190221972464,50240,404.6760082244873,50280,6.504716873168945
974,0.9918233851185609,45840,452.7963542938232,47040,5.087490081787109
975,1.0,39280,2719.966115951538,39280,5.351810455322266
976,0.9949293734154292,41960,588.3023166656494,42520,27.52359390258789
977,0.9957432874918141,30240,742.8016376495361,30760,4.01484489440918
978,0.9967008797653959,43280,642.7144432067871,43640,27.85555839538574
979,0.9976222826086957,42640,2039.976644515991,42920,6.983127593994141
980,1.0,32160,1503.308725357056,32160,3.352689743041992
981,0.9885145482388974,47920,311.940279006958,49120,23.47200393676758
982,0.9782608695652174,38320,645.6809997558594,40800,4.784641265869141
983,0.9939816281279696,30120,1912.451286315918,30880,31.71244621276855
984,0.881559220389805,83040,51.85395240783691,89360,8.309555053710938
985,0.9983394221188974,31960,799.8929595947266,32160,2.22804069519043
986,0.9952299829642248,35000,1067.78600692749,35560,4.026393890380859
987,1.0,73840,66.66979789733887,73840,213.9635944366455
988,1.0,73840,127.7734851837158,73840,210.6953144073486
989,1.0,73840,129.1966342926025,73840,88.74571800231934
990,0.9944774851316908,24840,357.5544834136963,25360,6.606559753417969
991,0.9978070175438597,27800,440.0383186340332,28000,4.090566635131836
992,1.0,23400,591.6515254974365,23400,2.8533935546875
993,0.9910031488978858,30080,206.5695953369141,30880,4.469528198242188
994,0.9543467702768335,36640,68.57743263244629,40400,3.76307487487793
995,1.0,26480,1313.832845687866,26480,4.102869033813477
996,0.9700625558534406,29480,1063.268365859985,32160,5.232725143432617
997,1.0,20920,688.8325214385986,20920,4.284915924072266
998,1.0,29560,508.6345100402832,29560,524.9716854095459
999,0.9771455223880597,33240,234.6997165679932,35200,3.926639556884766
1000,0.9050632911392404,34520,480.5324840545654,42920,19.41256523132324
1001,0.9642282958199357,19480,663.610954284668,23040,8.631677627563477
1002,1.0,29560,495.2722072601318,29560,507.5388240814209
1003,0.8146364949446316,31920,314.6216106414795,47320,15.07220268249512
1004,0.8752144082332761,29720,1383.956289291382,41360,43.47552299499512
1005,1.0,14480,31.76700592041016,14480,4.646797180175781
1006,0.9865470852017937,19280,23.71617317199707,20000,1.602878570556641
1007,0.9986541049798116,17360,33.64864349365234,17440,0.9431266784667969
1008,0.9920634920634921,21360,26.39100074768066,21800,2.088479995727539
1009,1.0,18120,25.71806907653809,18120,1.780166625976562
1010,0.9865629420084866,20240,25.0670337677002,21000,1.804962158203125
1011,1.0,35680,8.646001815795898,35680,9.093408584594727
1012,0.9940298507462687,23200,22.36995697021484,23520,4.02587890625
1013,1.0,19680,24.59456443786621,19680,1.691398620605469
1014,0.9973579920739762,20240,34.1439151763916,20400,7.368965148925781
1015,0.9921156373193167,15920,35.58236122131348,16400,0.9836006164550781
1016,1.0,32120,9.567594528198242,32120,11.50835990905762
1017,0.9921156373193167,15920,34.43511009216309,16400,0.9019184112548828
1018,0.9975077881619938,16600,41.90783500671387,16760,9.958000183105469
1019,1.0,25000,19.05692100524902,25000,4.468193054199219
1020,1.0,30600,114.4555568695068,30600,2.684154510498047
1021,0.9975845410628019,37160,98.11408996582031,37320,6.302995681762695
1022,0.9917787742899851,45880,80.86775779724121,46320,6.179714202880859
1023,0.9811542991755006,35480,104.4999980926514,36760,11.88735961914062
1024,1.0,26400,127.705602645874,26400,2.406635284423828
1025,0.9811542991755006,35480,100.7000827789307,36760,11.61379814147949
1026,0.9828693790149893,32680,134.7959232330322,33960,3.790683746337891
1027,1.0,30600,113.5514259338379,30600,2.67735481262207
1028,0.9876360039564788,26520,179.8318386077881,27520,16.363525390625
1029,1.0,26680,138.6573219299316,26680,3.073387145996094
1030,1.0,35600,64.29020881652832,35600,17.03245162963867
1031,1.0,27800,90.7347583770752,27800,98.1593132019043
1032,0.9966329966329966,24240,228.0655670166016,24520,88.67372512817383
1033,0.9816272965879265,38440,46.61899566650391,39560,7.275238037109375
1034,0.9816272965879265,38440,47.85976409912109,39560,7.214117050170898
1035,0.9934296977660972,29880,443.3005142211914,30480,2.460155487060547
1036,0.9964958388085852,29880,376.9295978546143,30200,3.565120697021484
1037,0.9955217196596506,31880,211.2075138092041,32280,5.975885391235352
1038,0.9955217196596506,31880,205.8774757385254,32280,5.970315933227539
1039,0.9964958388085852,29880,366.9499206542969,30200,3.733634948730469
1040,0.9860861759425493,32080,149.0316867828369,33320,9.381647109985352
1041,0.9030131826741996,36240,281.3901996612549,44480,5.366077423095703
1042,0.9868253293667658,27080,589.6802425384521,28320,22.89348602294922
1043,0.8979310344827586,34200,658.6201667785645,43080,7.724151611328125
1044,0.9588675213675214,46320,51.24792098999023,49400,5.293159484863281
1045,0.9972477064220183,34000,265.3367233276367,34240,3.043069839477539
1046,0.9791492910758965,25280,360.2636814117432,27280,2.466030120849609
1047,1.0,27600,379.6845149993896,27600,2.811279296875
1048,0.9868253293667658,27080,587.2803592681885,28320,21.06559753417969
1049,0.8997175141242938,36240,293.2443904876709,44760,4.577236175537109
1050,0.9984674329501916,8800,6.265954971313477,8880,0.561676025390625
1051,1.0,8960,5.565605163574219,8960,0.9352779388427734
1052,1.0,11960,10.24323463439941,11960,3.321514129638672
1053,0.9946277820414429,8880,6.780605316162109,9160,0.7711219787597656
1054,1.0,11960,8.884849548339844,11960,2.898397445678711
1055,0.9946236559139785,16360,12.95159339904785,16600,3.171806335449219
1056,0.9984674329501916,8800,6.458368301391602,8880,0.5733489990234375
1057,1.0,8360,8.074359893798828,8360,0.6182765960693359
1058,1.0,8040,8.184032440185547,8040,2.081432342529297
1059,1.0,8360,7.800436019897461,8360,0.6032371520996094
1060,1.0,8720,8.568601608276367,8720,4.870128631591797
1061,0.996186117467582,8560,7.367677688598633,8760,0.6014347076416016
1062,1.0,8240,8.583965301513672,8240,0.9929656982421875
1063,0.9984674329501916,8800,6.564207077026367,8880,0.5647659301757812
1064,1.0,8720,8.82131576538086,8720,4.875755310058594
1065,1.0,22200,157.8896331787109,22200,5.715007781982422
1066,0.9710876548875631,28840,109.0399074554443,31360,3.011798858642578
1067,1.0,48440,24.45157051086426,48440,2.828960418701172
1068,0.9878892733564014,23520,132.7946472167969,24640,2.697839736938477
1069,1.0,31760,107.1177577972412,31760,5.202922821044922
1070,1.0,25960,205.5830478668213,25960,9.973316192626953
1071,0.9430076628352491,28480,82.05678939819336,33240,6.916875839233398
1072,1.0,24680,220.4653167724609,24680,10.93391418457031
1073,1.0,22200,159.4460487365723,22200,5.959768295288086
1074,0.9969352014010507,24640,251.7873096466064,24920,4.474554061889648
1075,1.0,48440,24.71640586853027,48440,2.827320098876953
1076,1.0,25960,206.1682415008545,25960,9.85600471496582
1077,1.0,37400,58.71111869812012,37400,4.339675903320312
1078,1.0,39840,90.81331253051758,39840,4.572353363037109
1079,0.9878892733564014,23520,133.2623195648193,24640,2.739286422729492
1080,0.9521492295214923,24760,109.532642364502,29480,3.729562759399414
1081,0.9779924852388621,44880,47.41111755371094,46520,9.28060531616211
1082,0.9938271604938271,23720,155.1956844329834,24360,1.7236328125
1083,1.0,18280,135.9994411468506,18280,8.362913131713867
1084,0.9723461195361285,37720,161.3258361816406,40200,4.878959655761719
1085,0.9860842674913026,23920,111.5444850921631,25360,1.443920135498047
1086,1.0,100400,12.41280555725098,100400,14.56659317016602
1087,1.0,18280,135.4866790771484,18280,8.41958999633789
1088,1.0,25160,203.8651561737061,25160,7.144527435302734
1089,1.0,20920,143.3822727203369,20920,1.410951614379883
1090,0.9700564971751412,52600,79.55419540405273,54720,7.687044143676758
1091,0.9742351046698873,44880,46.87779426574707,46800,9.350433349609375
1092,0.8351464435146443,23800,146.7665672302246,39560,22.9511547088623
1093,1.0,21160,137.8663635253906,21160,3.260288238525391
1094,0.9967832730197025,27920,81.84747695922852,28240,2.37055778503418
1095,0.9990163934426229,53800,2666.520481109619,53920,8.35627555847168
1096,0.992707672796449,49640,15007.36048698425,50560,36.82099342346191
1097,0.984192439862543,63400,9712.621765136719,65240,10.25327682495117
1098,1.0,44120,3534.270029067993,44120,4.713516235351562
1099,0.9925788497217068,64000,2447.183637619019,64800,8.039960861206055
1100,1.0,45360,2321.669769287109,45360,2302.520637512207
1101,1.0,45360,2281.287078857422,45360,2366.933994293213
1102,0.9899741267787839,52120,2612.377996444702,53360,4.611520767211914
1103,0.988815099615519,65360,3048.964920043945,66640,6.657886505126953
1104,0.9994084590357882,40560,3613.740558624268,40640,4.426279067993164
1105,0.9951961569255404,75880,498.877592086792,76360,45.94535827636719
1106,0.9834636199639206,42760,2796.189079284668,44960,2.681121826171875
1107,0.8392780403953588,70720,394.7463989257812,85680,58.88840675354004
1108,0.9911223842739378,49640,15066.67071342468,50760,36.39415740966797
1109,0.9978354978354979,46440,4207.097244262695,46720,24.19571876525879
1110,0.9915413533834586,14240,103.5582065582275,14600,4.928512573242188
1111,0.9647168059424327,13720,96.10491752624512,15240,1.24049186706543
1112,0.9963669391462306,12760,139.3593215942383,12920,1.008329391479492
1113,0.9981834695731153,12760,140.3571224212646,12840,0.9533977508544922
1114,0.9272369714847591,16120,21.49015426635742,19080,1.507568359375
1115,0.9822852081488043,11640,237.8097915649414,12440,5.088996887207031
1116,0.9312063808574277,16680,89.77055549621582,19440,5.427646636962891
1117,0.9474727452923687,16440,23.65964889526367,18560,1.574926376342773
1118,1.0,13240,127.551794052124,13240,0.6449604034423828
1119,0.992091388400703,11280,128.5465145111084,11640,1.705398559570312
1120,0.9833770778652668,11080,129.3528747558594,11840,5.604801177978516
1121,0.9833770778652668,11080,125.4745197296143,11840,5.540008544921875
1122,0.9880514705882353,13280,63.33746910095215,13800,2.586393356323242
1123,0.9979231568016614,18280,69.28507804870605,18360,27.40096092224121
1124,0.9962406015037594,14240,118.0128479003906,14400,5.135049819946289
1125,0.9928539526574364,22040,140.8655548095703,22680,3.375759124755859
1126,0.992596020360944,25160,58.27320098876953,25800,1.687641143798828
1127,0.9965855740503627,17880,99.44303512573242,18200,2.737550735473633
1128,0.9902869757174393,21000,110.1423168182373,21880,3.735799789428711
1129,1.0,25960,93.64503860473633,25960,6.464080810546875
1130,0.9767156862745098,13680,115.9765625,15960,2.777805328369141
1131,0.992596020360944,25160,58.44539642333984,25800,1.690206527709961
1132,0.9987379049221708,20520,153.505163192749,20640,12.31871604919434
1133,0.995433789954338,15240,117.8313636779785,15680,3.023872375488281
1134,0.998297147722435,17640,147.8576850891113,17800,4.541082382202148
1135,0.9926086956521739,19600,105.1880359649658,20280,3.395719528198242
1136,0.9877161055505005,23680,122.7336406707764,24760,5.971240997314453
1137,0.964406779661017,17200,97.26776123046875,20560,3.476362228393555
1138,0.9842625899280576,22640,144.3050861358643,24040,6.365528106689453
1139,0.995433789954338,15240,119.789514541626,15680,2.956352233886719
1140,0.9940222032450897,17760,97.37167358398438,18040,1.386241912841797
1141,0.9462457337883959,17720,121.4507484436035,20240,1.331920623779297
1142,0.9971698113207547,22200,76.39835357666016,22320,1.71544075012207
1143,0.8716666666666667,16600,101.083402633667,22760,2.270956039428711
1144,0.9965635738831615,18040,155.9182357788086,18200,5.394611358642578
1145,0.9710144927536232,17680,114.9348449707031,19040,3.154401779174805
1146,1.0,16560,117.2612857818604,16560,1.635713577270508
1147,0.9904481998530492,10160,96.18844032287598,10680,5.271587371826172
1148,0.9938650306748467,18960,77.26163864135742,19240,3.21894645690918
1149,0.9791666666666666,14680,154.4383144378662,15720,1.825885772705078
1150,1.0,19400,418.0296802520752,19400,15.89372634887695
1151,0.9951298701298701,15320,143.3066368103027,15560,6.619110107421875
1152,0.9909315746084089,16080,171.102294921875,16520,4.383001327514648
1153,0.9951298701298701,15320,144.5055198669434,15560,7.082633972167969
1154,0.9710017574692443,19080,100.7839202880859,20400,3.718595504760742
1155,1.0,24480,34.76444244384766,24480,4.028759002685547
1156,1.0,8840,65.68215370178223,8840,4.907770156860352
1157,1.0,14320,52.53571510314941,14320,2.564916610717773
1158,1.0,13000,50.67731857299805,13000,1.195478439331055
1159,1.0,14320,48.19863319396973,14320,1.435165405273438
1160,1.0,11600,54.22459602355957,11600,6.138114929199219
1161,1.0,8840,61.48423194885254,8840,4.877281188964844
1162,0.997577519379845,11640,50.12552261352539,11840,1.246156692504883
1163,1.0,12280,93.37887763977051,12280,1.850986480712891
1164,1.0,14320,48.62159729003906,14320,1.439914703369141
1165,0.997577519379845,11640,48.10103416442871,11840,1.256961822509766
1166,1.0,13760,55.08664131164551,13760,1.255168914794922
1167,1.0,17360,37.53256797790527,17360,1.503276824951172
1168,1.0,17160,43.26603889465332,17160,5.398082733154297
1169,0.9995143273433705,11840,51.82619094848633,11880,2.086610794067383
1170,0.9907341411261582,16880,4962.542352676392,17400,2.116193771362305
1171,1.0,15120,2942.454919815063,15120,1.782159805297852
1172,0.8263565891472868,21400,2865.174961090088,30360,2.682123184204102
1173,1.0,15120,3045.023078918457,15120,1.769676208496094
1174,0.9844748858447488,29200,944.2476272583008,29880,3.178472518920898
1175,0.9761904761904762,42760,234.9878787994385,43480,2.626962661743164
1176,1.0,12560,3500.655117034912,12560,1.903400421142578
1177,0.997867803837953,16720,2802.564640045166,16840,23.38462829589844
1178,0.988078541374474,15960,2489.349269866943,16640,6.221685409545898
1179,0.990674318507891,17240,1622.963600158691,17760,2.893199920654297
1180,0.9972508591065292,14800,3842.275838851929,14960,2.80848503112793
1181,0.9982758620689656,22600,1570.676879882812,22680,1437.612924575806
1182,0.9948377581120944,18760,2989.404125213623,19040,1.676836013793945
1183,0.9986945169712794,11720,3697.166557312012,11800,12.05615997314453
1184,0.9993108201240524,14960,2457.057046890259,15000,11.34008407592773
1185,0.9983471074380166,21600,66.64624214172363,21720,4.017314910888672
1186,1.0,22440,39.15087699890137,22440,1.691598892211914
1187,0.9918651946542708,29360,37.88851737976074,29920,4.781789779663086
1188,0.9983722192078134,20480,40.6508731842041,20600,1.377639770507812
1189,0.9935205183585313,28120,62.60584831237793,28600,4.205360412597656
1190,0.9872222222222222,22200,32.34687805175781,23120,2.004795074462891
1191,0.9983722192078134,20480,38.44348907470703,20600,1.468162536621094
1192,0.9983722192078134,20480,39.47920799255371,20600,3.315639495849609
1193,1.0,22440,43.81635665893555,22440,1.399965286254883
1194,1.0,20600,36.08684539794922,20600,2.494277954101562
1195,0.9972206781545303,22240,58.96772384643555,22440,2.704849243164062
1196,1.0,28360,84.10911560058594,28360,7.409248352050781
1197,0.985440105890139,29760,26.98516845703125,30640,3.647680282592773
1198,0.985440105890139,29760,27.51336097717285,30640,3.575592041015625
1199,0.997843665768194,20000,40.06383895874023,20160,4.291200637817383
1200,1.0,40760,439.6319961547852,40760,92.73767471313477
1201,0.9997528423133959,24960,1182.149839401245,25000,9.651918411254883
1202,0.9997190221972464,44440,450.8804702758789,44480,8.112478256225586
1203,0.9938508839354343,78720,242.5550365447998,79360,15.3618049621582
1204,0.9992410827219833,28680,1071.793165206909,28800,3.919124603271484
1205,1.0,37160,668.6983108520508,37160,4.251642227172852
1206,1.0,37160,709.6896839141846,37160,4.29011344909668
1207,1.0,37160,688.7005996704102,37160,4.500923156738281
1208,1.0,34480,510.0719165802002,34480,4.969358444213867
1209,0.9968627450980392,33800,360.0896835327148,34280,2.897882461547852
1210,1.0,48400,150.2729892730713,48400,152.3838043212891
1211,0.9968627450980392,33800,350.9084892272949,34280,2.652797698974609
1212,1.0,55360,377.8131580352783,55360,393.6208343505859
1213,0.994532673782869,33160,285.2785968780518,34000,3.181514739990234
1214,0.9350159559036844,52920,986.4116859436035,61880,7.505559921264648
1215,0.9222032935831914,15360,97.82828330993652,20840,3.039159774780273
1216,0.9765906362545018,19160,162.1491527557373,20720,3.481636047363281
1217,0.9908675799086758,15720,305.0596332550049,16360,1.697311401367188
1218,0.9988485895221646,16320,178.0593967437744,16400,1.465682983398438
1219,0.9809637120761452,18560,217.3713207244873,19840,2.625951766967773
1220,0.9702072538860104,24040,69.22715187072754,25880,2.836170196533203
1221,0.9893198426082068,14640,246.7887210845947,15400,4.360485076904297
1222,0.9800747198007472,21560,113.3630847930908,22840,3.127803802490234
1223,0.9702072538860104,24040,66.76352500915527,25880,2.683162689208984
1224,1.0,20920,166.9337940216064,20920,2.627477645874023
1225,1.0,14480,232.1805191040039,14480,2.307796478271484
1226,0.9966348850252383,14480,230.245475769043,14720,2.28363037109375
1227,0.9875078076202374,21760,208.9855289459229,22560,2.168188095092773
1228,0.9908675799086758,15720,304.4032001495361,16360,1.758718490600586
1229,1.0,28080,159.1349983215332,28080,139.1933917999268
1230,0.999436831237094,52920,18540.69136619568,53040,15.61959266662598
1231,0.9769332577046701,54440,18249.82507705688,59320,7.632560729980469
1232,0.9769332577046701,54440,19373.21168899536,59320,10.38592338562012
1233,0.9986859395532195,52920,18013.10527801514,53200,15.50867080688477
1234,0.9813260595887536,75360,19046.85128211975,78920,13.79347801208496
1235,0.9852280025690431,79160,3815.017881393433,81920,270.5428409576416
1236,0.9813260595887536,75360,17846.93820953369,78920,11.18767738342285
1237,0.9855472901168969,77800,8599.017601013184,80520,8.590879440307617
1238,0.9782945736434109,85400,13266.11039161682,89320,31.24607086181641
1239,0.9769332577046701,54440,18371.94647789001,59320,7.637510299682617
1240,0.8686086779384803,69640,10179.9028301239,95440,9.669837951660156
1241,0.9783799365811473,127240,4572.050275802612,130240,10.61607360839844
1242,0.9551965864065833,134760,444.5869922637939,140640,31.46443367004395
1243,0.9946635730858469,89600,10480.0828742981,90520,5414.454050064087
1244,0.999436831237094,52920,18193.37816238403,53040,29.9686336517334
1245,0.9979013641133263,21560,52.21149444580078,21720,4.203681945800781
1246,1.0,19480,92.49932289123535,19480,2.969770431518555
1247,1.0,19480,94.98308181762695,19480,2.386684417724609
1248,0.990909090909091,18600,62.56340026855469,19320,2.215480804443359
1249,0.9883093525179856,45320,38.32971572875977,45840,6.255636215209961
1250,0.9928789420142421,19160,86.94723129272461,19720,4.205112457275391
1251,0.9963144963144963,32680,43.36463928222656,32920,6.496725082397461
1252,0.9718698290126861,25280,62.53108978271484,27320,2.41175651550293
1253,0.9222050489438434,32160,76.54748916625977,38200,17.64503479003906
1254,0.9919398173025256,23360,42.02051162719727,23960,2.532596588134766
1255,1.0,23400,61.1295223236084,23400,59.81624603271484
1256,0.9911286347954658,16640,77.90782928466797,17360,1.905965805053711
1257,0.9969403365629781,19360,61.45835876464844,19600,3.093080520629883
1258,0.9914054600606673,22680,87.9969596862793,23360,3.522882461547852
1259,1.0,19480,78.11887741088867,19480,2.051362991333008
1260,0.9982973893303064,50640,8707.025680541992,50880,6.38768196105957
1261,0.9899159663865547,48800,2130.876636505127,50240,9.330196380615234
1262,0.9878490175801448,36880,10962.66892433167,38760,6.082115173339844
1263,0.9582904222451082,36240,12771.30051612854,42720,6.823196411132812
1264,0.9931069696196069,38920,22872.32152938843,40000,21.74588203430176
1265,0.988997555012225,28000,5116.830520629883,29800,42.50392913818359
1266,0.9843147338647468,36040,11605.18040657043,38480,6.553764343261719
1267,0.9582904222451082,36240,12720.46332359314,42720,6.941194534301758
1268,1.0,64320,7729.188318252563,64320,6.061077117919922
1269,0.998817617499261,56280,7563.180284500122,56440,5.133800506591797
1270,0.9898668210770122,57440,2866.068964004517,58840,4.819602966308594
1271,0.9266447368421052,62000,720.4586315155029,70920,6.317892074584961
1272,1.0,91320,393.4520435333252,91320,396.844482421875
1273,1.0,37200,24663.10228347778,37200,24774.68243598938
1274,0.9403220713609094,60920,533.1096458435059,68480,6.200075149536133
1275,0.9818226479980349,38960,1167.538957595825,41920,9.92391586303711
1276,0.9809619238476954,42120,1232.868680953979,45160,2.782077789306641
1277,0.9938943456331298,51120,1127.89608001709,52040,3.263521194458008
1278,0.9851013110846245,63560,566.314115524292,65560,10.32068252563477
1279,0.9984920834380497,42640,1219.721632003784,42880,5.80479621887207
1280,0.9789233836513813,53360,1281.835479736328,56320,41.68221473693848
1281,0.9923904487011284,49360,766.7813301086426,50520,3.15800666809082
1282,0.9978343259339469,54040,1057.543163299561,54360,2.980403900146484
1283,0.9943985062683383,55840,1229.053115844727,56680,5.07359504699707
1284,0.9809619238476954,42120,1218.150720596313,45160,2.660560607910156
1285,0.9552822806036892,54680,831.8212413787842,61080,12.87083625793457
1286,1.0,44880,1230.710515975952,44880,7.582483291625977
1287,0.9789233836513813,53360,1236.188640594482,56320,41.14348411560059
1288,0.9844091903719913,55560,984.2754364013672,57840,4.462480545043945
1289,0.9569471624266145,75160,671.7380046844482,80440,6.129207611083984
1290,1.0,105560,1436.879396438599,105560,81.71835899353027
1291,0.9947140797693417,54120,710.6808662414551,55000,3.37498664855957
1292,1.0,105560,1458.948364257812,105560,84.32759284973145
1293,1.0,48480,1681.140642166138,48480,4.201326370239258
1294,0.988013698630137,37720,6873.918609619141,39960,7.971963882446289
1295,0.998226051697922,78760,21651.2325668335,79040,841.0000419616699
1296,0.9942171771257229,33840,7175.162324905396,34920,11.10947608947754
1297,0.9960070984915705,40280,11912.11879730225,41000,5.248165130615234
1298,0.9805548968460991,51920,2980.134000778198,55200,12.42192268371582
1299,0.9986181483187471,46920,2102.663869857788,47160,4.16407585144043
1300,0.9835188356164384,37720,6539.786806106567,40800,9.376602172851562
1301,0.9962406015037594,75640,5426.083154678345,76200,7.874355316162109
1302,0.9959452610238216,58760,3733.822250366211,59400,15.06307601928711
1303,1.0,45760,4313.054523468018,45760,4360.848197937012
1304,1.0,90040,1288.294639587402,90040,98.62784385681152
1305,0.9833804809052333,84680,4055.198678970337,86560,5.57647705078125
1306,0.9915796564499831,87040,14212.66719818115,88040,10.40973663330078
1307,1.0,67680,3471.379528045654,67680,3487.036161422729
1308,0.9766099635479951,74120,6357.326726913452,77200,5.138607025146484
1309,0.9663087745279526,85760,1739.785566329956,89400,5.094089508056641
1310,0.9849488260084287,72920,7005.077714920044,74920,10.84759712219238
1311,0.4940318302387268,117480,31.87594413757324,148000,9.127683639526367
1312,0.9663087745279526,85760,1724.267473220825,89400,5.354557037353516
1313,0.9951690821256038,69320,5449.463720321655,69960,10.02716064453125
1314,0.9926423544465771,72760,6995.711631774902,73680,11.36936187744141
1315,1.0,60080,264.6528053283691,60080,283.4262466430664
1316,0.9973856209150327,79400,4316.031723022461,79720,7.149877548217773
1317,0.9928660049627791,68840,4026.299724578857,69760,4.04362678527832
1318,0.9366930445647647,97760,487.9135227203369,103840,40.46256065368652
1319,0.9953947368421052,84200,12579.1473197937,84760,8.139524459838867
1320,0.9873006497341996,59160,812.4195957183838,60880,4.03411865234375
1321,1.0,38360,2428.336563110352,38360,7.712554931640625
1322,0.9977634194831014,33640,4603.863124847412,34000,6.549758911132812
1323,0.980774095623577,40480,5566.69563293457,43520,6.809883117675781
1324,1.0,38360,2561.8235206604,38360,8.00440788269043
1325,0.9989183342347214,50680,2832.206554412842,50840,27.85640716552734
1326,0.9976309555146091,42640,3246.570281982422,43000,4.980001449584961
1327,0.980774095623577,40480,5681.367483139038,43520,6.418113708496094
1328,0.9981646565285789,42040,3161.627244949341,42320,15.57185173034668
1329,0.9943433349729464,31960,4273.974075317383,32880,4.948720932006836
1330,0.9944862155388471,35000,4286.321125030518,35880,10.85355758666992
1331,0.9811659192825112,52800,3710.726642608643,55320,7.294149398803711
1332,1.0,38360,2484.382801055908,38360,8.079280853271484
1333,0.9884137931034482,49600,2249.487762451172,51280,3.491353988647461
1334,0.982776438167413,74480,448.6790370941162,76480,7.530841827392578
1335,0.9941303676243435,77320,879.967794418335,78080,10.08944511413574
1336,0.9499427917620137,62960,1579.811277389526,69960,3.655843734741211
1337,0.9799220857057237,69320,1269.057998657227,72000,6.062526702880859
1338,0.9803439803439803,60280,2507.134313583374,63160,6.273956298828125
1339,0.9874025194961008,69440,1547.946720123291,71120,7.269315719604492
1340,0.9822485207100592,67600,1516.765718460083,70000,6.801357269287109
1341,0.9892340818209782,76760,833.8724708557129,78160,9.924602508544922
1342,0.9659247045891729,61240,2311.959323883057,66200,4.063606262207031
1343,0.9883112888342048,76760,836.961030960083,78280,11.85667991638184
1344,0.9994517543859649,60880,1632.711277008057,60960,2.423563003540039
1345,0.976750700280112,60000,1769.873723983765,63320,4.885110855102539
1346,0.9149359886201991,66200,4647.433919906616,78160,17.83464431762695
1347,0.9514003294892917,101680,541.6802787780762,106400,232.2293281555176
1348,1.0,57880,2170.051755905151,57880,4.394845962524414
1349,0.9852941176470589,106160,207.7683258056641,107640,49.91235733032227
1350,0.9966457023060796,13600,1775.442123413086,13920,9.730920791625977
1351,1.0,53200,552.7156829833984,53200,5.551567077636719
1352,1.0,33800,658.7388896942139,33800,6.389799118041992
1353,0.8714689265536724,20040,879.9443244934082,30960,2.948675155639648
1354,0.9912353923205343,13160,1927.225437164307,14000,2.413425445556641
1355,1.0,16160,646.5291118621826,16160,5.316476821899414
1356,1.0,33800,669.3748378753662,33800,6.387367248535156
1357,0.9991546914623838,14360,2397.271356582642,14440,6.528520584106445
1358,0.9912353923205343,13160,1908.584041595459,14000,2.410602569580078
1359,1.0,33800,651.6375732421875,33800,6.355199813842773
1360,0.9910409556313993,15240,2481.433324813843,16080,8.664398193359375
1361,0.9912353923205343,13160,1830.261602401733,14000,2.360076904296875
1362,1.0,19000,439.8525238037109,19000,2.293548583984375
1363,0.989983305509182,13160,1821.818609237671,14120,2.3797607421875
1364,1.0,20680,3995.389881134033,20680,2.471599578857422
1365,0.9913097454996896,24960,132.6945304870605,25520,2.242250442504883
1366,0.9965753424657534,19320,235.8920001983643,19560,0.7946395874023438
1367,0.9890867317633544,19760,173.0220413208008,20520,0.9036827087402344
1368,0.9819872167344567,20560,83.85519027709961,21800,5.087041854858398
1369,0.9418604651162791,24040,111.1104488372803,27840,1.556034088134766
1370,0.9885974914481186,19240,269.7539138793945,20040,1.702480316162109
1371,0.9982300884955753,21600,336.4076042175293,21720,1.479759216308594
1372,0.9917840375586855,21240,202.2501277923584,21800,1.701841354370117
1373,0.9826789838337182,20120,84.84111785888672,21320,5.104637145996094
1374,0.983698707138842,18240,274.9305629730225,19400,7.103071212768555
1375,0.9954389965792474,19240,268.0465602874756,19560,1.556921005249023
1376,0.9543973941368078,28000,3508.364906311035,30800,26.69956207275391
1377,0.9917840375586855,21240,196.2028789520264,21800,1.689119338989258
1378,0.9859249329758714,29720,105.8446025848389,30560,1.855401992797852
1379,0.9954389965792474,19240,252.4728012084961,19560,1.645240783691406
1380,1.0,16640,32.14859962463379,16640,3.307209014892578
1381,0.9940978077571669,11760,43.72003555297852,12040,1.864395141601562
1382,0.9447463768115942,15040,82.20004081726074,17480,2.592477798461914
1383,0.9990412272291467,17480,46.11432075500488,17520,2.511606216430664
1384,0.9815303430079155,13720,39.33135986328125,14560,1.782360076904297
1385,0.9852941176470589,12960,66.01043701171875,13640,3.224725723266602
1386,0.9931093884582257,12760,56.67635917663574,13080,0.9689140319824219
1387,0.9949494949494949,11680,52.64127731323242,11920,0.8381938934326172
1388,0.9787798408488063,13960,19.03027534484863,14920,1.893119812011719
1389,1.0,16520,36.25558853149414,16520,40.42340278625488
1390,0.9949494949494949,11680,51.55776977539062,11920,0.8333683013916016
1391,0.9931093884582257,12760,56.23723983764648,13080,0.9331607818603516
1392,0.9849624060150376,11320,52.50680923461914,12040,1.572113037109375
1393,0.9849624060150376,11320,51.85755729675293,12040,1.574831008911133
1394,0.9940978077571669,11760,42.62520790100098,12040,1.892919540405273
1395,0.9986936642717178,29760,61.38956069946289,29840,1.609201431274414
1396,0.9954692556634305,29200,82.08579063415527,29480,0.7763957977294922
1397,0.9439759036144578,28600,102.4782848358154,32320,6.64764404296875
1398,0.9913391072618255,30960,51.62825584411621,31480,1.43092155456543
1399,0.9948253557567918,29160,115.3951263427734,29480,1.0662841796875
1400,0.9373750832778148,30960,32.69216537475586,34720,1.120128631591797
1401,0.9954427083333334,29560,56.08280181884766,29840,1.482009887695312
1402,1.0,28680,141.0444736480713,28680,3.176279067993164
1403,0.9373750832778148,30960,32.01147079467773,34720,0.9925556182861328
1404,0.9927583936800527,30240,56.74756050109863,30680,1.432924270629883
1405,0.9957446808510638,34600,45.86944580078125,34840,12.89891242980957
1406,0.9814932992980216,28320,119.2440414428711,29480,3.284158706665039
1407,0.9439759036144578,28600,102.4207973480225,32320,6.650114059448242
1408,0.9439759036144578,28600,101.6730403900146,32320,6.794557571411133
1409,0.9948253557567918,29160,117.5393581390381,29480,0.9968471527099609
1410,0.9857893110905159,45920,5272.131195068359,47760,5.862245559692383
1411,0.9899481193255513,52040,2850.960636138916,53280,7.370004653930664
1412,0.9942140790742526,50960,3862.010879516602,51680,2.264318466186523
1413,0.9681978798586572,73520,901.4053535461426,76760,5.294208526611328
1414,0.9857893110905159,45920,5283.819646835327,47760,6.02564811706543
1415,0.9278384640847401,62560,7776.949882507324,71280,18.34371566772461
1416,0.9595744680851064,43800,4925.766315460205,49120,13.927001953125
1417,0.9857893110905159,45920,5306.273040771484,47760,6.014804840087891
1418,0.9681978798586572,73520,878.2627582550049,76760,6.792964935302734
1419,0.9595744680851064,43800,5010.797119140625,49120,13.11612129211426
1420,0.9370039682539683,90760,492.7265167236328,95840,8.414239883422852
1421,0.9942140790742526,50960,3757.149791717529,51680,2.251873016357422
1422,0.9370039682539683,90760,495.7252025604248,95840,8.361644744873047
1423,0.9966307277628033,56680,4047.345361709595,57080,5.431394577026367
1424,0.9857893110905159,45920,5218.516883850098,47760,6.184959411621094
1425,0.9857045609257998,27040,15.37132263183594,27880,2.106475830078125
1426,0.9665529010238908,27200,13.71687889099121,29160,1.691722869873047
1427,0.9955583756345178,22760,28.03552627563477,23040,3.375282287597656
1428,1.0,22560,25.86515426635742,22560,1.731204986572266
1429,0.9955919395465995,22280,22.81415939331055,22560,2.123956680297852
1430,0.9831629585087192,23280,23.09991836547852,24400,1.496610641479492
1431,0.9757449757449758,24080,20.07407188415527,25480,2.16975212097168
1432,0.9954367666232073,24440,29.18125152587891,24720,10.28491020202637
1433,0.9831629585087192,23280,23.00808906555176,24400,1.522550582885742
1434,0.9953333333333333,25800,25.53976058959961,26080,2.652997970581055
1435,0.9954367666232073,24440,28.43928337097168,24720,10.46424865722656
1436,0.9954367666232073,24440,28.84960174560547,24720,10.23344039916992
1437,1.0,26760,19.23859596252441,26760,24.44155693054199
1438,1.0,26760,19.46752548217773,26760,22.99707412719727
1439,1.0,32600,9.640083312988281,32600,2.889089584350586
1440,0.9953488372093023,15000,174.1542434692383,15200,1.691684722900391
1441,0.9951690821256038,16600,84.01823997497559,16800,3.620519638061523
1442,0.9937555753791257,13160,85.39519309997559,13440,0.9251117706298828
1443,0.9804096170970614,13080,81.05072021484375,13960,0.7264804840087891
1444,0.9844693701466781,11640,179.1935157775879,12360,3.617162704467773
1445,0.9892156862745098,17200,83.38979721069336,17640,2.995090484619141
1446,0.9809523809523809,16000,69.78403091430664,16800,1.173286437988281
1447,0.9710743801652892,19280,33.11888694763184,20400,1.821002960205078
1448,0.9710743801652892,19280,34.71104621887207,20400,1.868762969970703
1449,1.0,12360,147.1419620513916,12360,1.684284210205078
1450,0.9953488372093023,15000,170.2917575836182,15200,1.687469482421875
1451,0.9953488372093023,15000,170.8489227294922,15200,1.817874908447266
1452,1.0,15920,27.67067909240723,15920,16.56072616577148
1453,0.996415770609319,13360,214.2351245880127,13520,4.817314147949219
1454,0.9771490750816104,21240,37.05160140991211,22080,2.080116271972656
1455,0.9913557779799818,20480,60.93363761901855,21240,3.108234405517578
1456,0.9401140684410646,28240,44.23915863037109,33280,3.605842590332031
1457,0.9745762711864406,23440,53.59036445617676,25600,2.241392135620117
1458,0.9980870396939263,24760,43.92679214477539,24920,2.015666961669922
1459,0.9970703125,26480,40.8906364440918,26720,6.694164276123047
1460,0.9667116509221773,27480,101.8972015380859,30440,13.90252113342285
1461,0.9963218390804598,21400,71.08327865600586,21720,2.579326629638672
1462,0.9745762711864406,23440,55.81687927246094,25600,1.926841735839844
1463,0.9970703125,26480,39.04915809631348,26720,6.732234954833984
1464,0.9894153225806451,29040,34.6843147277832,29880,4.262800216674805
1465,0.9848090277777778,16240,57.03008651733398,17640,1.589365005493164
1466,0.9964866051822574,17320,55.55180549621582,17640,1.636829376220703
1467,0.9964866051822574,17320,55.87483406066895,17640,1.758918762207031
1468,0.9461077844311377,30920,44.0410041809082,34880,3.052358627319336
1469,0.9913194444444444,39280,33.83199691772461,39880,6.376409530639648
1470,0.9927360774818402,4960,14.25067901611328,5200,0.3118419647216797
1471,1.0,7520,7.916078567504883,7520,0.5540847778320312
1472,0.9973579920739762,7720,10.11904716491699,7800,0.6508827209472656
1473,0.9927360774818402,4960,13.60967636108398,5200,0.3168392181396484
1474,1.0,5480,15.0961971282959,5480,5.819644927978516
1475,0.9973753280839895,7520,6.890115737915039,7600,0.5391693115234375
1476,1.0,5480,13.05808067321777,5480,0.6943607330322266
1477,1.0,6640,13.17367553710938,6640,4.533720016479492
1478,0.9973753280839895,7520,6.817636489868164,7600,0.4974842071533203
1479,1.0,8520,11.55592918395996,8520,3.390970230102539
1480,1.0,5480,12.56263732910156,5480,0.7370090484619141
1481,1.0,8240,10.1237964630127,8240,3.357439041137695
1482,0.9927360774818402,4960,13.96631240844727,5200,0.3064727783203125
1483,0.9927272727272727,5000,13.6805534362793,5240,0.9251689910888672
1484,1.0,8520,11.74491882324219,8520,3.420085906982422
1485,0.9983058026260059,23160,33.09636116027832,23320,4.306478500366211
1486,0.9983058026260059,23160,31.07635498046875,23320,5.317163467407227
1487,0.9917498914459401,25480,24.96547698974609,26240,3.136157989501953
1488,0.9961005199306759,25280,22.65570640563965,25640,3.449869155883789
1489,0.9983058026260059,23160,31.51528358459473,23320,4.323720932006836
1490,0.9872611464968153,29680,22.92092323303223,30800,4.265565872192383
1491,0.9901679639492011,23960,33.51463317871094,24920,2.656164169311523
1492,0.9848566792861005,35640,24.69096183776855,36760,3.982324600219727
1493,0.9938569548047389,26440,24.8430061340332,27000,3.034324645996094
1494,0.9914772727272727,27040,44.7141170501709,27880,6.375360488891602
1495,0.9941860465116279,25280,29.18855667114258,25840,1.522436141967773
1496,1.0,23880,33.31772804260254,23880,2.406711578369141
1497,1.0,32760,36.21824264526367,32760,2.552356719970703
1498,0.9941860465116279,25280,28.22896003723145,25840,1.518316268920898
1499,0.9972222222222222,24800,33.44520568847656,25080,8.901357650756836
